branch_id,branch_name,branch_code,branch_type,street,city,state,zip_code,country,region,latitude,longitude,phone,email,opening_date,is_active,created_timestamp,updated_timestamp
BR00001,North Jefferyhaven Branch,B1001,RETAIL,43321 Brittany Bypass,North Jefferyhaven,Rhode Island,03979,USA,Other,60.658074,-73.249851,+1-225-859-5506,branch1@novabank.com,2019-05-17,True,2026-06-27 04:30:22.207626,2026-06-27 04:30:22.207941
BR00002,Davisstad Branch,B1002,CORPORATE,79402 Peterson Drives Apt. 511,Davisstad,Rhode Island,35172,USA,Other,-78.336362,66.651852,+1-342-854-2679,branch2@novabank.com,2016-02-20,False,2026-06-27 04:30:22.208462,2026-06-27 04:30:22.208465
BR00003,South Joshuastad Branch,B1003,RETAIL,84959 Janet Cape Apt. 413,South Joshuastad,Hawaii,49021,USA,Other,5.367253,-67.521771,+1-804-532-1520,branch3@novabank.com,2018-07-20,True,2026-06-27 04:30:22.208817,2026-06-27 04:30:22.208819
BR00004,Lake Mark Branch,B1004,RETAIL,283 Steven Groves,Lake Mark,Wyoming,07832,USA,Other,-28.515376,-162.766316,+1-423-338-9279,branch4@novabank.com,2020-12-22,False,2026-06-27 04:30:22.209060,2026-06-27 04:30:22.209062
BR00005,Lake Anna Branch,B1005,RETAIL,1395 Diana Locks Suite 242,Lake Anna,Kentucky,98413,USA,Other,66.923608,50.013656,+1-774-303-9928,branch5@novabank.com,2022-08-24,True,2026-06-27 04:30:22.209311,2026-06-27 04:30:22.209313
BR00006,South Patrickmouth Branch,B1006,CORPORATE,3287 Katelyn Wall Apt. 226,South Patrickmouth,North Dakota,33454,USA,Other,58.505446,-173.836174,+1-659-703-5557,branch6@novabank.com,2018-09-24,True,2026-06-27 04:30:22.209615,2026-06-27 04:30:22.209617
BR00007,Smithview Branch,B1007,CORPORATE,845 Kelly Estate,Smithview,North Carolina,23917,USA,Other,46.279761,-122.871125,+1-914-532-6574,branch7@novabank.com,2022-02-26,True,2026-06-27 04:30:22.209917,2026-06-27 04:30:22.209919
BR00008,North Sarahport Branch,B1008,CORPORATE,893 Nathaniel Estates Apt. 957,North Sarahport,Kansas,08093,USA,Other,-25.341525,124.597436,+1-420-881-6514,branch8@novabank.com,2023-07-13,True,2026-06-27 04:30:22.210202,2026-06-27 04:30:22.210205
BR00009,West Allison Branch,B1009,RETAIL,718 David Mountains,West Allison,Rhode Island,55962,USA,Other,-33.145854,109.532383,+1-589-199-6881,branch9@novabank.com,2020-01-30,True,2026-06-27 04:30:22.210468,2026-06-27 04:30:22.210470
BR00010,East Jeffreymouth Branch,B1010,REGIONAL,465 Lam Mission,East Jeffreymouth,Alaska,77611,USA,Other,58.692176,-56.458094,+1-244-847-8527,branch10@novabank.com,2017-01-28,False,2026-06-27 04:30:22.210774,2026-06-27 04:30:22.210776
BR00011,Lewisberg Branch,B1011,RETAIL,03105 Willie Harbors,Lewisberg,Washington,75348,USA,West,64.675636,73.763327,+1-587-180-5803,branch11@novabank.com,2010-11-10,False,2026-06-27 04:30:22.211074,2026-06-27 04:30:22.211076
BR00012,Laurenville Branch,B1012,REGIONAL,3116 Henderson Mountain Apt. 106,Laurenville,Kansas,25613,USA,Other,-38.941186,107.91622,+1-791-296-2139,branch12@novabank.com,2014-07-24,True,2026-06-27 04:30:22.211372,2026-06-27 04:30:22.211374
BR00013,Tuckerborough Branch,B1013,CORPORATE,47317 Brent Plains Apt. 132,Tuckerborough,Montana,08186,USA,Other,-45.80556,23.459644,+1-991-396-2307,branch13@novabank.com,2006-07-11,True,2026-06-27 04:30:22.211644,2026-06-27 04:30:22.211646
BR00014,Lake Leeton Branch,B1014,RETAIL,7468 Moore Hill Apt. 098,Lake Leeton,Pennsylvania,62994,USA,Other,44.98287,105.146175,+1-589-384-8428,branch14@novabank.com,2009-04-27,True,2026-06-27 04:30:22.211937,2026-06-27 04:30:22.211939
BR00015,New Brooke Branch,B1015,CORPORATE,19136 Shelly Port,New Brooke,South Carolina,11246,USA,Other,22.53483,172.92453,+1-579-463-4432,branch15@novabank.com,2016-12-28,True,2026-06-27 04:30:22.212206,2026-06-27 04:30:22.212207
BR00016,South Christineshire Branch,B1016,RETAIL,3534 Anderson Rue Suite 751,South Christineshire,Connecticut,10103,USA,Other,54.320136,-65.563651,+1-823-750-3803,branch16@novabank.com,2015-08-05,False,2026-06-27 04:30:22.212488,2026-06-27 04:30:22.212490
BR00017,Cherylhaven Branch,B1017,CORPORATE,1354 Samuel Plains,Cherylhaven,Alabama,88039,USA,Other,58.874917,-19.272259,+1-367-573-7216,branch17@novabank.com,2023-04-04,True,2026-06-27 04:30:22.212721,2026-06-27 04:30:22.212723
BR00018,Jamesview Branch,B1018,CORPORATE,41182 Campbell Fords,Jamesview,North Carolina,64533,USA,Other,-22.590153,-152.727551,+1-901-432-1916,branch18@novabank.com,2008-02-23,True,2026-06-27 04:30:22.212979,2026-06-27 04:30:22.212981
BR00019,Lake Rebeccaside Branch,B1019,RETAIL,0052 Martin Mills Suite 801,Lake Rebeccaside,Arizona,48894,USA,Other,66.366221,116.634652,+1-523-510-5386,branch19@novabank.com,2009-02-24,True,2026-06-27 04:30:22.213250,2026-06-27 04:30:22.213252
BR00020,Dicksonberg Branch,B1020,CORPORATE,45053 Elizabeth Knoll,Dicksonberg,Kansas,21800,USA,Other,-42.472867,41.348877,+1-780-997-6155,branch20@novabank.com,2006-12-07,True,2026-06-27 04:30:22.213508,2026-06-27 04:30:22.213510
BR00021,Kevinbury Branch,B1021,HEAD_OFFICE,3421 Brennan Walks Suite 337,Kevinbury,Iowa,03602,USA,Other,87.17631,-76.314234,+1-605-758-8517,branch21@novabank.com,2013-08-28,True,2026-06-27 04:30:22.213774,2026-06-27 04:30:22.213776
BR00022,North Candacestad Branch,B1022,REGIONAL,45868 Crosby Crescent Suite 294,North Candacestad,Washington,41615,USA,West,27.143591,145.455898,+1-342-352-9830,branch22@novabank.com,2024-03-14,True,2026-06-27 04:30:22.214042,2026-06-27 04:30:22.214044
BR00023,West Ryan Branch,B1023,HEAD_OFFICE,9340 Smith Valley,West Ryan,Texas,43780,USA,South,77.277006,-11.467824,+1-797-508-6930,branch23@novabank.com,2018-06-05,True,2026-06-27 04:30:22.214296,2026-06-27 04:30:22.214298
BR00024,Angelaborough Branch,B1024,CORPORATE,484 Nguyen Square,Angelaborough,Nebraska,87654,USA,Other,11.776036,-86.569784,+1-721-605-2489,branch24@novabank.com,2017-07-25,True,2026-06-27 04:30:22.214550,2026-06-27 04:30:22.214552
BR00025,New Thomas Branch,B1025,RETAIL,8044 Russell Prairie Suite 777,New Thomas,West Virginia,22742,USA,Other,86.858902,-134.475743,+1-356-742-3621,branch25@novabank.com,2011-08-05,True,2026-06-27 04:30:22.214793,2026-06-27 04:30:22.214795
BR00026,Lake Heather Branch,B1026,RETAIL,34332 Brandon Mountains Apt. 769,Lake Heather,New York,52884,USA,East,-24.505925,-100.77324,+1-594-490-8668,branch26@novabank.com,2018-04-18,False,2026-06-27 04:30:22.215032,2026-06-27 04:30:22.215034
BR00027,South Dennismouth Branch,B1027,REGIONAL,63287 Angela Vista,South Dennismouth,Texas,70117,USA,South,60.035365,139.681028,+1-766-981-1188,branch27@novabank.com,2012-03-13,True,2026-06-27 04:30:22.215267,2026-06-27 04:30:22.215269
BR00028,Katiehaven Branch,B1028,REGIONAL,868 Merritt Summit Suite 743,Katiehaven,New York,82650,USA,East,-25.777926,-32.576619,+1-987-756-6573,branch28@novabank.com,2014-05-28,True,2026-06-27 04:30:22.215540,2026-06-27 04:30:22.215542
BR00029,Riveramouth Branch,B1029,REGIONAL,45581 Edward Lights Apt. 316,Riveramouth,Nebraska,08662,USA,Other,-34.478316,45.562835,+1-645-261-8433,branch29@novabank.com,2013-06-30,True,2026-06-27 04:30:22.215805,2026-06-27 04:30:22.215807
BR00030,Medinaside Branch,B1030,REGIONAL,670 Evans Loaf,Medinaside,Rhode Island,29407,USA,Other,41.058104,-62.198905,+1-712-880-3927,branch30@novabank.com,2011-05-26,False,2026-06-27 04:30:22.216083,2026-06-27 04:30:22.216085
BR00031,North Dawnberg Branch,B1031,RETAIL,65627 Tina Place Apt. 699,North Dawnberg,New Jersey,24320,USA,Other,-76.501822,-40.329644,+1-840-405-9317,branch31@novabank.com,2013-04-23,False,2026-06-27 04:30:22.216325,2026-06-27 04:30:22.216327
BR00032,Smithside Branch,B1032,CORPORATE,5564 King Common,Smithside,Arkansas,46371,USA,Other,-29.810822,169.043454,+1-356-482-3646,branch32@novabank.com,2007-09-21,False,2026-06-27 04:30:22.216608,2026-06-27 04:30:22.216610
BR00033,New Staciemouth Branch,B1033,RETAIL,33092 David Skyway,New Staciemouth,Vermont,34087,USA,Other,9.024544,-89.91889,+1-813-431-9005,branch33@novabank.com,2017-05-23,True,2026-06-27 04:30:22.216842,2026-06-27 04:30:22.216844
BR00034,North Brittany Branch,B1034,RETAIL,41904 Sanders Stravenue,North Brittany,South Dakota,32331,USA,Other,-62.646077,-18.089032,+1-571-999-6038,branch34@novabank.com,2021-10-16,True,2026-06-27 04:30:22.217103,2026-06-27 04:30:22.217105
BR00035,Alexanderchester Branch,B1035,RETAIL,058 Stanley Cliff,Alexanderchester,New York,14334,USA,East,26.373051,14.448221,+1-446-999-2290,branch35@novabank.com,2017-12-04,True,2026-06-27 04:30:22.217356,2026-06-27 04:30:22.217358
BR00036,Marcusbury Branch,B1036,HEAD_OFFICE,262 Gilbert Plain Suite 769,Marcusbury,Colorado,37060,USA,Other,31.01124,-49.076815,+1-270-878-9727,branch36@novabank.com,2019-12-30,True,2026-06-27 04:30:22.217624,2026-06-27 04:30:22.217626
BR00037,Angelahaven Branch,B1037,CORPORATE,0752 Lewis Union Suite 549,Angelahaven,Illinois,11722,USA,Midwest,-25.211479,38.199436,+1-875-586-3705,branch37@novabank.com,2015-04-13,True,2026-06-27 04:30:22.217898,2026-06-27 04:30:22.217900
BR00038,Holtport Branch,B1038,HEAD_OFFICE,777 Christopher Forges,Holtport,Texas,76726,USA,South,9.058173,74.07979,+1-416-652-4295,branch38@novabank.com,2016-06-12,True,2026-06-27 04:30:22.218198,2026-06-27 04:30:22.218200
BR00039,East Javier Branch,B1039,HEAD_OFFICE,8557 Parker Fort Apt. 351,East Javier,New Mexico,36742,USA,Other,68.266029,101.662274,+1-887-765-7118,branch39@novabank.com,2017-03-24,True,2026-06-27 04:30:22.218472,2026-06-27 04:30:22.218474
BR00040,Brandonton Branch,B1040,HEAD_OFFICE,43524 Jean Crossroad,Brandonton,Oklahoma,38791,USA,Other,-56.102108,162.453662,+1-323-353-4681,branch40@novabank.com,2022-02-12,True,2026-06-27 04:30:22.218704,2026-06-27 04:30:22.218706
BR00041,Vasquezshire Branch,B1041,REGIONAL,09477 Peterson Center Suite 711,Vasquezshire,South Dakota,90475,USA,Other,-75.609424,-98.542182,+1-221-702-4770,branch41@novabank.com,2009-03-04,False,2026-06-27 04:30:22.219003,2026-06-27 04:30:22.219005
BR00042,Torreston Branch,B1042,CORPORATE,31869 Kimberly Light Suite 749,Torreston,South Carolina,97505,USA,Other,-63.362192,-68.444719,+1-207-172-1964,branch42@novabank.com,2017-09-29,True,2026-06-27 04:30:22.219296,2026-06-27 04:30:22.219298
BR00043,Carterbury Branch,B1043,RETAIL,123 Andrea Estate Apt. 679,Carterbury,Maine,93163,USA,Other,-14.108365,63.756212,+1-232-980-6413,branch43@novabank.com,2007-10-08,True,2026-06-27 04:30:22.219562,2026-06-27 04:30:22.219564
BR00044,North Brian Branch,B1044,CORPORATE,9361 Deborah Grove,North Brian,Maryland,78494,USA,Other,62.795352,-25.053369,+1-485-785-8953,branch44@novabank.com,2014-05-23,True,2026-06-27 04:30:22.219794,2026-06-27 04:30:22.219796
BR00045,Anthonybury Branch,B1045,CORPORATE,464 Kim Rapid Apt. 659,Anthonybury,Utah,75893,USA,Other,67.604612,-168.862369,+1-940-684-8744,branch45@novabank.com,2024-06-23,True,2026-06-27 04:30:22.220152,2026-06-27 04:30:22.220155
BR00046,Rickymouth Branch,B1046,HEAD_OFFICE,027 Moon Falls Suite 717,Rickymouth,Texas,14211,USA,South,-46.828907,-2.938005,+1-616-294-2545,branch46@novabank.com,2013-11-23,True,2026-06-27 04:30:22.220464,2026-06-27 04:30:22.220466
BR00047,Gutierrezborough Branch,B1047,HEAD_OFFICE,6807 Leonard Islands Apt. 680,Gutierrezborough,North Dakota,47920,USA,Other,77.137006,87.626444,+1-562-533-7735,branch47@novabank.com,2017-09-28,True,2026-06-27 04:30:22.220745,2026-06-27 04:30:22.220747
BR00048,Lake Eric Branch,B1048,RETAIL,48247 Martinez Roads,Lake Eric,Oklahoma,02293,USA,Other,58.243859,39.038335,+1-889-769-2612,branch48@novabank.com,2008-02-29,True,2026-06-27 04:30:22.221009,2026-06-27 04:30:22.221011
BR00049,Sanchezside Branch,B1049,HEAD_OFFICE,1274 Perry Orchard,Sanchezside,Georgia,50778,USA,Other,-38.833419,141.788396,+1-945-447-2790,branch49@novabank.com,2015-08-20,True,2026-06-27 04:30:22.221292,2026-06-27 04:30:22.221294
BR00050,Grimesmouth Branch,B1050,CORPORATE,46584 Justin Hills,Grimesmouth,Ohio,63984,USA,Other,2.643504,-1.522659,+1-394-649-8350,branch50@novabank.com,2016-06-02,True,2026-06-27 04:30:22.221552,2026-06-27 04:30:22.221554
BR00051,Hughesberg Branch,B1051,HEAD_OFFICE,5339 Hall Trail Suite 057,Hughesberg,New York,05353,USA,East,-56.111025,89.665507,+1-387-385-8579,branch51@novabank.com,2023-11-11,True,2026-06-27 04:30:22.221852,2026-06-27 04:30:22.221855
BR00052,Cindyfurt Branch,B1052,RETAIL,71870 Robert Shoal Apt. 174,Cindyfurt,Tennessee,11028,USA,Other,-1.801348,106.486298,+1-653-927-2604,branch52@novabank.com,2013-04-29,True,2026-06-27 04:30:22.222101,2026-06-27 04:30:22.222103
BR00053,Port Cynthiaville Branch,B1053,RETAIL,780 Jimmy Spur Suite 316,Port Cynthiaville,New Hampshire,22306,USA,Other,-9.612688,-164.459061,+1-295-871-4872,branch53@novabank.com,2007-04-25,True,2026-06-27 04:30:22.222352,2026-06-27 04:30:22.222354
BR00054,East Gregory Branch,B1054,HEAD_OFFICE,5562 Amanda Port,East Gregory,South Carolina,50641,USA,Other,76.352234,-50.70549,+1-697-592-4502,branch54@novabank.com,2015-06-12,True,2026-06-27 04:30:22.222606,2026-06-27 04:30:22.222610
BR00055,North Scott Branch,B1055,RETAIL,74740 Santana Springs,North Scott,Minnesota,77515,USA,Other,-9.696393,163.027603,+1-368-488-1035,branch55@novabank.com,2023-10-20,True,2026-06-27 04:30:22.222912,2026-06-27 04:30:22.222914
BR00056,Port Dominiqueview Branch,B1056,REGIONAL,4367 John Ports Suite 944,Port Dominiqueview,Alabama,74678,USA,Other,-76.834786,145.562007,+1-665-392-7930,branch56@novabank.com,2019-11-25,False,2026-06-27 04:30:22.223177,2026-06-27 04:30:22.223179
BR00057,Johnsonstad Branch,B1057,HEAD_OFFICE,95339 Byrd Stravenue Apt. 104,Johnsonstad,Washington,17725,USA,West,-65.805007,-21.563781,+1-358-294-5861,branch57@novabank.com,2012-05-14,True,2026-06-27 04:30:22.223477,2026-06-27 04:30:22.223479
BR00058,Mccartyberg Branch,B1058,RETAIL,32858 Rivas Glens Suite 451,Mccartyberg,Wisconsin,30072,USA,Other,16.679335,119.204934,+1-793-853-9883,branch58@novabank.com,2013-01-25,True,2026-06-27 04:30:22.223775,2026-06-27 04:30:22.223777
BR00059,New Nicoleside Branch,B1059,REGIONAL,48175 Richards View Suite 137,New Nicoleside,Massachusetts,80465,USA,Other,-30.577195,167.705726,+1-258-151-8811,branch59@novabank.com,2007-08-16,False,2026-06-27 04:30:22.224046,2026-06-27 04:30:22.224048
BR00060,New Derek Branch,B1060,CORPORATE,461 Brandon Camp Suite 711,New Derek,New Jersey,49130,USA,Other,89.982272,110.013637,+1-258-620-2312,branch60@novabank.com,2014-01-11,True,2026-06-27 04:30:22.224286,2026-06-27 04:30:22.224288
BR00061,South Sean Branch,B1061,RETAIL,1796 Johnson Land,South Sean,Kansas,48038,USA,Other,-63.329696,17.211453,+1-809-169-4853,branch61@novabank.com,2016-04-14,True,2026-06-27 04:30:22.224556,2026-06-27 04:30:22.224558
BR00062,Port Anne Branch,B1062,RETAIL,64317 Elizabeth Row Apt. 053,Port Anne,California,73142,USA,West,-34.391617,134.812023,+1-783-352-1651,branch62@novabank.com,2010-05-16,False,2026-06-27 04:30:22.224799,2026-06-27 04:30:22.224801
BR00063,Laurenville Branch,B1063,RETAIL,2904 Vanessa Plains,Laurenville,Texas,03880,USA,South,-54.61934,-172.021924,+1-629-773-9565,branch63@novabank.com,2012-12-07,True,2026-06-27 04:30:22.225029,2026-06-27 04:30:22.225031
BR00064,Foxland Branch,B1064,REGIONAL,502 Williams Streets,Foxland,New Mexico,59257,USA,Other,7.184097,95.542528,+1-409-785-6147,branch64@novabank.com,2017-03-04,True,2026-06-27 04:30:22.225308,2026-06-27 04:30:22.225310
BR00065,South Jennifermouth Branch,B1065,REGIONAL,390 Ellis Burgs Apt. 766,South Jennifermouth,California,11090,USA,West,-3.533767,146.577194,+1-605-234-5915,branch65@novabank.com,2009-02-26,True,2026-06-27 04:30:22.225577,2026-06-27 04:30:22.225579
BR00066,Shawnchester Branch,B1066,REGIONAL,9985 Vang Pines,Shawnchester,Connecticut,92484,USA,Other,-59.287208,171.496342,+1-969-174-1152,branch66@novabank.com,2018-03-15,True,2026-06-27 04:30:22.225840,2026-06-27 04:30:22.225842
BR00067,West Ronaldview Branch,B1067,RETAIL,7365 Ross Stream,West Ronaldview,Mississippi,20507,USA,Other,37.310317,-143.958078,+1-275-650-4492,branch67@novabank.com,2008-02-16,False,2026-06-27 04:30:22.226101,2026-06-27 04:30:22.226103
BR00068,Elizabethchester Branch,B1068,REGIONAL,61528 Brenda Points,Elizabethchester,Minnesota,87708,USA,Other,23.531247,-152.380099,+1-335-457-2127,branch68@novabank.com,2023-12-01,True,2026-06-27 04:30:22.226339,2026-06-27 04:30:22.226341
BR00069,Port Joshuabury Branch,B1069,REGIONAL,1983 Diane Fork Apt. 585,Port Joshuabury,Nevada,74027,USA,Other,76.892713,149.409644,+1-491-261-8179,branch69@novabank.com,2018-08-20,False,2026-06-27 04:30:22.226656,2026-06-27 04:30:22.226659
BR00070,Michaelburgh Branch,B1070,REGIONAL,402 Park Inlet,Michaelburgh,Georgia,74729,USA,Other,86.454606,35.169459,+1-826-926-9666,branch70@novabank.com,2007-09-27,True,2026-06-27 04:30:22.226954,2026-06-27 04:30:22.226956
BR00071,Kimberlyshire Branch,B1071,REGIONAL,83667 Moore Inlet,Kimberlyshire,Rhode Island,11636,USA,Other,-75.877926,-96.473674,+1-879-206-3200,branch71@novabank.com,2009-04-27,True,2026-06-27 04:30:22.227233,2026-06-27 04:30:22.227235
BR00072,Nelsonhaven Branch,B1072,RETAIL,147 Tucker Mills,Nelsonhaven,Delaware,45743,USA,Other,25.404062,-120.466507,+1-309-860-3546,branch72@novabank.com,2011-08-02,True,2026-06-27 04:30:22.227523,2026-06-27 04:30:22.227525
BR00073,Port Jonathan Branch,B1073,REGIONAL,403 Joyce Centers Apt. 343,Port Jonathan,Massachusetts,16227,USA,Other,-87.92502,87.031714,+1-819-315-6617,branch73@novabank.com,2019-12-07,True,2026-06-27 04:30:22.227797,2026-06-27 04:30:22.227799
BR00074,South Andrewland Branch,B1074,REGIONAL,68388 Jones Wall,South Andrewland,Massachusetts,75966,USA,Other,25.235123,127.841611,+1-717-600-5114,branch74@novabank.com,2013-10-06,True,2026-06-27 04:30:22.228070,2026-06-27 04:30:22.228072
BR00075,East Ryanfurt Branch,B1075,RETAIL,1605 Laurie River Suite 516,East Ryanfurt,North Dakota,10809,USA,Other,16.237813,-13.422615,+1-849-533-5533,branch75@novabank.com,2019-11-29,True,2026-06-27 04:30:22.228321,2026-06-27 04:30:22.228323
BR00076,Jessicaberg Branch,B1076,RETAIL,2181 Rebecca Keys,Jessicaberg,Kansas,13975,USA,Other,-50.689179,-42.578107,+1-541-889-3143,branch76@novabank.com,2010-01-14,True,2026-06-27 04:30:22.228560,2026-06-27 04:30:22.228562
BR00077,Maldonadoshire Branch,B1077,CORPORATE,127 Webster Trace,Maldonadoshire,Tennessee,83770,USA,Other,77.643788,-6.4789,+1-959-552-8007,branch77@novabank.com,2022-01-16,False,2026-06-27 04:30:22.228847,2026-06-27 04:30:22.228849
BR00078,North Miguelport Branch,B1078,RETAIL,71774 Vargas Knoll Apt. 477,North Miguelport,California,84998,USA,West,-65.761217,150.180112,+1-314-177-3442,branch78@novabank.com,2017-03-06,False,2026-06-27 04:30:22.229130,2026-06-27 04:30:22.229132
BR00079,Toniland Branch,B1079,RETAIL,9807 Marc Mountains Apt. 071,Toniland,North Carolina,85190,USA,Other,-43.679069,-158.98573,+1-578-696-3426,branch79@novabank.com,2010-12-11,True,2026-06-27 04:30:22.229378,2026-06-27 04:30:22.229379
BR00080,Port Crystalmouth Branch,B1080,CORPORATE,8892 Watson Haven Suite 659,Port Crystalmouth,California,43714,USA,West,-64.631254,119.554219,+1-242-415-6974,branch80@novabank.com,2018-09-12,True,2026-06-27 04:30:22.229652,2026-06-27 04:30:22.229654
BR00081,Angelicamouth Branch,B1081,REGIONAL,9251 Sabrina Inlet Suite 291,Angelicamouth,Florida,88334,USA,South,51.302636,-129.827821,+1-415-798-5088,branch81@novabank.com,2018-02-11,True,2026-06-27 04:30:22.229899,2026-06-27 04:30:22.229901
BR00082,East Chris Branch,B1082,REGIONAL,505 White Forest Suite 733,East Chris,Connecticut,67044,USA,Other,54.893609,102.679518,+1-998-673-7658,branch82@novabank.com,2007-03-02,False,2026-06-27 04:30:22.230170,2026-06-27 04:30:22.230172
BR00083,Ericabury Branch,B1083,CORPORATE,296 Francis Village Apt. 706,Ericabury,New Hampshire,80532,USA,Other,-13.515242,61.016365,+1-442-985-3662,branch83@novabank.com,2010-09-12,True,2026-06-27 04:30:22.230415,2026-06-27 04:30:22.230416
BR00084,Shawchester Branch,B1084,HEAD_OFFICE,7359 Murray Haven,Shawchester,Hawaii,26675,USA,Other,72.313108,-105.697855,+1-225-283-6442,branch84@novabank.com,2022-03-14,True,2026-06-27 04:30:22.230706,2026-06-27 04:30:22.230709
BR00085,West Christopherburgh Branch,B1085,CORPORATE,758 Jennifer Path,West Christopherburgh,Louisiana,59394,USA,Other,47.802076,-100.892795,+1-473-263-2771,branch85@novabank.com,2021-06-11,True,2026-06-27 04:30:22.230949,2026-06-27 04:30:22.230951
BR00086,Vangstad Branch,B1086,RETAIL,75060 Shaw Freeway,Vangstad,Iowa,04195,USA,Other,-4.453682,-126.805153,+1-681-327-4269,branch86@novabank.com,2021-08-04,True,2026-06-27 04:30:22.231241,2026-06-27 04:30:22.231243
BR00087,New Shelby Branch,B1087,REGIONAL,20472 West Avenue Apt. 043,New Shelby,Rhode Island,69677,USA,Other,23.616585,-120.30701,+1-512-940-4728,branch87@novabank.com,2020-06-15,True,2026-06-27 04:30:22.231513,2026-06-27 04:30:22.231515
BR00088,Carlsontown Branch,B1088,RETAIL,1036 Brown Villages,Carlsontown,South Dakota,68052,USA,Other,64.363128,-50.110455,+1-875-297-7528,branch88@novabank.com,2019-06-03,True,2026-06-27 04:30:22.231803,2026-06-27 04:30:22.231805
BR00089,South Morganton Branch,B1089,REGIONAL,0953 Lopez Skyway Apt. 851,South Morganton,South Dakota,51210,USA,Other,10.207597,-43.822554,+1-271-891-5573,branch89@novabank.com,2019-12-09,True,2026-06-27 04:30:22.232076,2026-06-27 04:30:22.232078
BR00090,Port Dennis Branch,B1090,HEAD_OFFICE,53195 Bradley Plains Suite 277,Port Dennis,Virginia,60489,USA,Other,-80.072239,-22.459217,+1-895-963-9785,branch90@novabank.com,2010-02-11,True,2026-06-27 04:30:22.232321,2026-06-27 04:30:22.232322
BR00091,West Michael Branch,B1091,RETAIL,54868 King Terrace,West Michael,Wyoming,06766,USA,Other,86.021548,-1.799291,+1-318-998-5279,branch91@novabank.com,2011-05-28,True,2026-06-27 04:30:22.232582,2026-06-27 04:30:22.232584
BR00092,Millerburgh Branch,B1092,REGIONAL,6765 Tyler Parks Suite 841,Millerburgh,Ohio,39005,USA,Other,-3.775463,-124.918166,+1-239-211-8119,branch92@novabank.com,2007-12-05,True,2026-06-27 04:30:22.232851,2026-06-27 04:30:22.232853
BR00093,North Emilyfurt Branch,B1093,REGIONAL,7962 Bell Canyon Suite 964,North Emilyfurt,Mississippi,67752,USA,Other,-47.053891,-163.281506,+1-646-720-9379,branch93@novabank.com,2009-01-20,True,2026-06-27 04:30:22.233133,2026-06-27 04:30:22.233135
BR00094,Hinesshire Branch,B1094,HEAD_OFFICE,21355 Herring Bypass Apt. 755,Hinesshire,Florida,69898,USA,South,8.502377,33.692902,+1-790-294-5173,branch94@novabank.com,2012-02-23,True,2026-06-27 04:30:22.233430,2026-06-27 04:30:22.233432
BR00095,Heatherfort Branch,B1095,HEAD_OFFICE,10278 Mcintyre Crest Suite 473,Heatherfort,Illinois,16575,USA,Midwest,-53.565681,-140.243613,+1-201-632-9821,branch95@novabank.com,2014-08-16,True,2026-06-27 04:30:22.233729,2026-06-27 04:30:22.233731
BR00096,North Tracie Branch,B1096,REGIONAL,55188 Vance Vista Apt. 258,North Tracie,Florida,31530,USA,South,42.613005,-165.88887,+1-641-171-6409,branch96@novabank.com,2012-12-24,False,2026-06-27 04:30:22.234012,2026-06-27 04:30:22.234014
BR00097,East Teresaland Branch,B1097,REGIONAL,8291 Kyle Stravenue Suite 866,East Teresaland,New Hampshire,61558,USA,Other,48.877771,4.959964,+1-879-968-3041,branch97@novabank.com,2008-10-17,True,2026-06-27 04:30:22.234263,2026-06-27 04:30:22.234265
BR00098,Sarahbury Branch,B1098,REGIONAL,68018 Kevin Estates,Sarahbury,Minnesota,68513,USA,Other,-13.751363,-137.662411,+1-882-518-6344,branch98@novabank.com,2010-12-30,True,2026-06-27 04:30:22.234508,2026-06-27 04:30:22.234510
BR00099,Meganshire Branch,B1099,REGIONAL,49818 Brittany Prairie Apt. 299,Meganshire,Arizona,04219,USA,Other,-68.196906,-155.592881,+1-767-230-4143,branch99@novabank.com,2023-07-24,True,2026-06-27 04:30:22.234755,2026-06-27 04:30:22.234757
BR00100,Evansland Branch,B1100,HEAD_OFFICE,396 Tyler Road Suite 473,Evansland,Vermont,08353,USA,Other,-47.565602,56.011405,+1-893-866-3851,branch100@novabank.com,2013-12-19,False,2026-06-27 04:30:22.235028,2026-06-27 04:30:22.235030
BR00101,Johnville Branch,B1101,REGIONAL,59255 Hester Curve Suite 881,Johnville,Louisiana,59430,USA,Other,-23.449782,-104.366893,+1-615-661-1006,branch101@novabank.com,2008-03-24,True,2026-06-27 04:30:22.235299,2026-06-27 04:30:22.235301
BR00102,Jimenezport Branch,B1102,REGIONAL,9632 Peck Stravenue Suite 327,Jimenezport,New York,03538,USA,East,-65.827632,31.120291,+1-415-540-6279,branch102@novabank.com,2015-08-02,True,2026-06-27 04:30:22.235600,2026-06-27 04:30:22.235602
BR00103,Mitchelltown Branch,B1103,HEAD_OFFICE,95004 Harper Ville,Mitchelltown,Connecticut,56983,USA,Other,-54.047114,-38.012196,+1-652-791-4501,branch103@novabank.com,2019-08-01,False,2026-06-27 04:30:22.235887,2026-06-27 04:30:22.235889
BR00104,Marciaville Branch,B1104,HEAD_OFFICE,0609 Michael Heights Apt. 687,Marciaville,Florida,13173,USA,South,15.737723,20.35933,+1-953-273-2389,branch104@novabank.com,2020-10-17,True,2026-06-27 04:30:22.236144,2026-06-27 04:30:22.236147
BR00105,Hernandezhaven Branch,B1105,REGIONAL,523 Porter Cape Apt. 257,Hernandezhaven,Florida,43488,USA,South,74.569221,-8.990492,+1-295-938-4848,branch105@novabank.com,2009-05-30,True,2026-06-27 04:30:22.236440,2026-06-27 04:30:22.236442
BR00106,South Brandytown Branch,B1106,CORPORATE,588 Erickson Hills Suite 055,South Brandytown,Rhode Island,62706,USA,Other,-18.722217,171.967722,+1-403-250-1400,branch106@novabank.com,2020-07-30,True,2026-06-27 04:30:22.236719,2026-06-27 04:30:22.236721
BR00107,Hernandezbury Branch,B1107,CORPORATE,097 Alexandria Stravenue,Hernandezbury,Arizona,75548,USA,Other,-60.500146,-77.573442,+1-686-725-2193,branch107@novabank.com,2006-10-29,True,2026-06-27 04:30:22.236994,2026-06-27 04:30:22.236996
BR00108,Whitneyfort Branch,B1108,HEAD_OFFICE,2636 Salas Street Apt. 283,Whitneyfort,North Dakota,49892,USA,Other,-5.77768,-87.023394,+1-844-689-4185,branch108@novabank.com,2014-10-05,True,2026-06-27 04:30:22.237280,2026-06-27 04:30:22.237282
BR00109,Kellieborough Branch,B1109,HEAD_OFFICE,549 Lee Gateway Suite 843,Kellieborough,Vermont,92905,USA,Other,41.265766,-9.790047,+1-609-349-3417,branch109@novabank.com,2015-02-14,True,2026-06-27 04:30:22.237578,2026-06-27 04:30:22.237580
BR00110,West Sandraview Branch,B1110,RETAIL,1986 Cardenas Trail Apt. 404,West Sandraview,West Virginia,63294,USA,Other,-32.558352,-71.515567,+1-997-535-4585,branch110@novabank.com,2021-05-22,True,2026-06-27 04:30:22.237875,2026-06-27 04:30:22.237877
BR00111,Riverafort Branch,B1111,HEAD_OFFICE,421 John Skyway Apt. 301,Riverafort,Connecticut,89786,USA,Other,-53.098973,-177.218236,+1-251-670-5082,branch111@novabank.com,2023-11-06,True,2026-06-27 04:30:22.238174,2026-06-27 04:30:22.238176
BR00112,Lake Audreyside Branch,B1112,HEAD_OFFICE,7734 Mitchell Circle,Lake Audreyside,West Virginia,95281,USA,Other,-79.987829,-86.012813,+1-336-920-8612,branch112@novabank.com,2014-01-03,False,2026-06-27 04:30:22.238451,2026-06-27 04:30:22.238453
BR00113,West Justinside Branch,B1113,REGIONAL,67240 Kenneth Rapids,West Justinside,North Dakota,65239,USA,Other,-53.975977,90.697119,+1-973-553-9270,branch113@novabank.com,2014-11-29,True,2026-06-27 04:30:22.238690,2026-06-27 04:30:22.238692
BR00114,Ashleyborough Branch,B1114,HEAD_OFFICE,52742 Jill Turnpike,Ashleyborough,Idaho,80580,USA,Other,81.456649,37.695985,+1-362-861-8777,branch114@novabank.com,2021-05-16,True,2026-06-27 04:30:22.238946,2026-06-27 04:30:22.238948
BR00115,Stephanieport Branch,B1115,REGIONAL,61227 Boyle Avenue Suite 637,Stephanieport,Pennsylvania,95250,USA,Other,63.780593,-173.860487,+1-969-353-5543,branch115@novabank.com,2011-03-12,False,2026-06-27 04:30:22.239248,2026-06-27 04:30:22.239250
BR00116,East Susan Branch,B1116,HEAD_OFFICE,301 Parker Lodge Suite 145,East Susan,New Mexico,20579,USA,Other,32.132406,145.203622,+1-841-344-5499,branch116@novabank.com,2013-03-18,True,2026-06-27 04:30:22.239523,2026-06-27 04:30:22.239525
BR00117,Port Amyhaven Branch,B1117,RETAIL,339 Alicia Pines Suite 191,Port Amyhaven,Illinois,75566,USA,Midwest,54.058614,-99.548613,+1-930-392-4841,branch117@novabank.com,2009-06-12,True,2026-06-27 04:30:22.239778,2026-06-27 04:30:22.239780
BR00118,New Stevenport Branch,B1118,REGIONAL,39718 Stokes Motorway Apt. 867,New Stevenport,Washington,03354,USA,West,16.286673,-43.389322,+1-527-653-2320,branch118@novabank.com,2021-03-07,True,2026-06-27 04:30:22.240058,2026-06-27 04:30:22.240060
BR00119,North Valeriefort Branch,B1119,CORPORATE,106 Graves Plains,North Valeriefort,Arizona,38130,USA,Other,19.754382,-83.373263,+1-436-492-3503,branch119@novabank.com,2020-04-29,True,2026-06-27 04:30:22.240328,2026-06-27 04:30:22.240330
BR00120,Ricebury Branch,B1120,RETAIL,6766 Felicia Shore Apt. 512,Ricebury,Alabama,99614,USA,Other,-83.897034,-19.817589,+1-624-517-6421,branch120@novabank.com,2014-10-27,False,2026-06-27 04:30:22.240600,2026-06-27 04:30:22.240602
BR00121,East Jamieville Branch,B1121,HEAD_OFFICE,633 Reed Harbor Apt. 106,East Jamieville,Rhode Island,04901,USA,Other,29.840611,140.93332,+1-625-163-4388,branch121@novabank.com,2018-08-01,True,2026-06-27 04:30:22.240885,2026-06-27 04:30:22.240887
BR00122,East Williamport Branch,B1122,HEAD_OFFICE,06738 Karen Trail,East Williamport,Iowa,96382,USA,Other,64.648442,-8.789884,+1-988-698-1320,branch122@novabank.com,2016-11-17,False,2026-06-27 04:30:22.241200,2026-06-27 04:30:22.241203
BR00123,West Shellyfurt Branch,B1123,HEAD_OFFICE,42836 Hill Point Apt. 687,West Shellyfurt,North Dakota,42278,USA,Other,21.756293,39.182477,+1-688-106-6763,branch123@novabank.com,2009-03-04,True,2026-06-27 04:30:22.241525,2026-06-27 04:30:22.241527
BR00124,South John Branch,B1124,HEAD_OFFICE,87334 Linda Centers Suite 688,South John,Indiana,43789,USA,Other,83.598782,-137.549386,+1-629-651-9947,branch124@novabank.com,2023-02-01,False,2026-06-27 04:30:22.241779,2026-06-27 04:30:22.241781
BR00125,Susantown Branch,B1125,CORPORATE,83046 Morgan Field Apt. 735,Susantown,Indiana,25407,USA,Other,-58.508174,77.118686,+1-699-324-5471,branch125@novabank.com,2022-12-12,True,2026-06-27 04:30:22.242026,2026-06-27 04:30:22.242028
BR00126,Kylestad Branch,B1126,HEAD_OFFICE,3854 Owens Run,Kylestad,North Carolina,65680,USA,Other,35.092016,-127.060111,+1-229-498-6507,branch126@novabank.com,2020-12-08,True,2026-06-27 04:30:22.242291,2026-06-27 04:30:22.242293
BR00127,Phillipsborough Branch,B1127,CORPORATE,3556 Anna Forges Apt. 048,Phillipsborough,Michigan,30650,USA,Other,11.962463,125.903415,+1-678-230-9751,branch127@novabank.com,2021-06-26,True,2026-06-27 04:30:22.242561,2026-06-27 04:30:22.242563
BR00128,Whiteside Branch,B1128,HEAD_OFFICE,547 Murray Street Suite 228,Whiteside,Tennessee,08199,USA,Other,50.645258,-161.841009,+1-806-677-1444,branch128@novabank.com,2021-08-03,True,2026-06-27 04:30:22.242859,2026-06-27 04:30:22.242861
BR00129,Lake Edwardborough Branch,B1129,HEAD_OFFICE,006 Megan Fort,Lake Edwardborough,North Carolina,60271,USA,Other,10.1803,-147.546092,+1-338-987-8564,branch129@novabank.com,2017-08-10,True,2026-06-27 04:30:22.243095,2026-06-27 04:30:22.243097
BR00130,Drakeburgh Branch,B1130,RETAIL,700 Smith Pines Suite 840,Drakeburgh,Connecticut,13125,USA,Other,50.763635,-100.06127,+1-466-488-6363,branch130@novabank.com,2010-10-28,True,2026-06-27 04:30:22.243386,2026-06-27 04:30:22.243388
BR00131,South Nicholasside Branch,B1131,HEAD_OFFICE,4615 Stevens Gardens Apt. 410,South Nicholasside,New Mexico,07856,USA,Other,80.92576,-174.92648,+1-534-445-7211,branch131@novabank.com,2019-02-19,True,2026-06-27 04:30:22.243659,2026-06-27 04:30:22.243661
BR00132,Nelsonland Branch,B1132,HEAD_OFFICE,6591 Jerry Ways,Nelsonland,Utah,37250,USA,Other,55.768693,122.532054,+1-458-954-2341,branch132@novabank.com,2018-05-01,True,2026-06-27 04:30:22.243915,2026-06-27 04:30:22.243917
BR00133,New John Branch,B1133,RETAIL,0392 Hickman Hills,New John,Missouri,89241,USA,Other,55.106124,-1.903898,+1-967-652-1853,branch133@novabank.com,2013-05-24,True,2026-06-27 04:30:22.244173,2026-06-27 04:30:22.244175
BR00134,West Cassiefurt Branch,B1134,CORPORATE,185 Connor Fort,West Cassiefurt,Wyoming,43279,USA,Other,-82.047422,160.442167,+1-865-170-1659,branch134@novabank.com,2011-05-29,True,2026-06-27 04:30:22.244410,2026-06-27 04:30:22.244412
BR00135,Lake Charles Branch,B1135,CORPORATE,3586 Lopez Prairie Suite 194,Lake Charles,Louisiana,20715,USA,Other,12.00547,160.322947,+1-404-959-1333,branch135@novabank.com,2009-04-06,False,2026-06-27 04:30:22.244675,2026-06-27 04:30:22.244677
BR00136,South Shane Branch,B1136,CORPORATE,5110 Wallace Trace Suite 121,South Shane,Oklahoma,67667,USA,Other,19.533524,-124.545032,+1-444-229-8758,branch136@novabank.com,2006-12-16,True,2026-06-27 04:30:22.244941,2026-06-27 04:30:22.244943
BR00137,New Adriana Branch,B1137,CORPORATE,199 Shields Bridge Suite 661,New Adriana,Utah,50404,USA,Other,-44.499721,-105.46081,+1-676-816-5198,branch137@novabank.com,2011-04-30,True,2026-06-27 04:30:22.245209,2026-06-27 04:30:22.245210
BR00138,Wheelerborough Branch,B1138,CORPORATE,2126 Fisher Orchard Apt. 543,Wheelerborough,New Jersey,14522,USA,Other,-53.629807,-16.437982,+1-820-721-2876,branch138@novabank.com,2006-08-10,True,2026-06-27 04:30:22.245502,2026-06-27 04:30:22.245504
BR00139,South Leon Branch,B1139,REGIONAL,9657 Jordan View Apt. 459,South Leon,Montana,42331,USA,Other,-11.764983,159.786921,+1-310-692-1420,branch139@novabank.com,2015-04-29,True,2026-06-27 04:30:22.245769,2026-06-27 04:30:22.245771
BR00140,Lake Katrina Branch,B1140,HEAD_OFFICE,6465 Sarah Flats,Lake Katrina,Alaska,95818,USA,Other,33.915771,-67.445876,+1-606-832-4249,branch140@novabank.com,2014-05-18,True,2026-06-27 04:30:22.245999,2026-06-27 04:30:22.246001
BR00141,South Vickifort Branch,B1141,CORPORATE,167 Cynthia Garden Suite 266,South Vickifort,Pennsylvania,53035,USA,Other,53.443157,91.985591,+1-304-813-5941,branch141@novabank.com,2023-02-09,False,2026-06-27 04:30:22.246241,2026-06-27 04:30:22.246242
BR00142,Rasmussenmouth Branch,B1142,RETAIL,058 Daniel Gateway Suite 290,Rasmussenmouth,Nevada,14387,USA,Other,-87.168603,-127.061008,+1-779-901-1672,branch142@novabank.com,2011-02-22,True,2026-06-27 04:30:22.246511,2026-06-27 04:30:22.246513
BR00143,Garciachester Branch,B1143,HEAD_OFFICE,5679 Michael Burg,Garciachester,Colorado,15714,USA,Other,-51.96936,7.00752,+1-877-479-2129,branch143@novabank.com,2012-02-06,False,2026-06-27 04:30:22.246767,2026-06-27 04:30:22.246769
BR00144,North Melindaville Branch,B1144,REGIONAL,87571 Bowen Mission Suite 140,North Melindaville,Utah,22043,USA,Other,-24.525117,97.022118,+1-212-969-7882,branch144@novabank.com,2009-08-17,True,2026-06-27 04:30:22.247039,2026-06-27 04:30:22.247040
BR00145,Fosterborough Branch,B1145,RETAIL,8673 Soto Ferry,Fosterborough,New Hampshire,78122,USA,Other,25.307213,28.754622,+1-643-470-8532,branch145@novabank.com,2006-07-26,True,2026-06-27 04:30:22.247318,2026-06-27 04:30:22.247320
BR00146,Wilsonfort Branch,B1146,HEAD_OFFICE,41918 Michael Flat,Wilsonfort,North Dakota,84270,USA,Other,-5.871225,140.496273,+1-380-851-9548,branch146@novabank.com,2013-06-25,True,2026-06-27 04:30:22.247589,2026-06-27 04:30:22.247591
BR00147,West David Branch,B1147,HEAD_OFFICE,155 Williamson Via Suite 991,West David,Maryland,15829,USA,Other,-40.86436,20.417168,+1-676-546-5397,branch147@novabank.com,2018-12-20,True,2026-06-27 04:30:22.247847,2026-06-27 04:30:22.247849
BR00148,Donaldmouth Branch,B1148,CORPORATE,9296 Lopez Roads Apt. 827,Donaldmouth,New Hampshire,81688,USA,Other,-75.608838,12.757686,+1-288-385-8385,branch148@novabank.com,2023-08-14,True,2026-06-27 04:30:22.248109,2026-06-27 04:30:22.248110
BR00149,Port Kathleenport Branch,B1149,HEAD_OFFICE,36887 Cohen Mall Suite 721,Port Kathleenport,Arizona,36526,USA,Other,-29.644054,108.626429,+1-783-724-7209,branch149@novabank.com,2011-09-06,True,2026-06-27 04:30:22.248369,2026-06-27 04:30:22.248371
BR00150,South Curtis Branch,B1150,RETAIL,788 Ashley Grove Suite 807,South Curtis,Tennessee,98981,USA,Other,-23.553735,-20.168735,+1-706-971-6325,branch150@novabank.com,2022-03-26,True,2026-06-27 04:30:22.248612,2026-06-27 04:30:22.248614
BR00151,Port Joan Branch,B1151,HEAD_OFFICE,4517 Kimberly Freeway,Port Joan,Vermont,46458,USA,Other,73.815905,159.716144,+1-417-463-5232,branch151@novabank.com,2014-03-12,True,2026-06-27 04:30:22.248829,2026-06-27 04:30:22.248830
BR00152,Tiffanyport Branch,B1152,REGIONAL,30958 Carlson Extension,Tiffanyport,Maine,75570,USA,Other,-18.235643,96.174443,+1-810-818-5526,branch152@novabank.com,2024-03-23,False,2026-06-27 04:30:22.249074,2026-06-27 04:30:22.249076
BR00153,Port Megan Branch,B1153,RETAIL,60422 Dustin Islands,Port Megan,Montana,64655,USA,Other,-51.836092,130.00297,+1-729-295-2402,branch153@novabank.com,2017-11-13,True,2026-06-27 04:30:22.249295,2026-06-27 04:30:22.249296
BR00154,Port Kimland Branch,B1154,HEAD_OFFICE,7116 Neal Wells Suite 775,Port Kimland,Washington,60590,USA,West,80.413712,176.559496,+1-700-668-4937,branch154@novabank.com,2019-01-14,True,2026-06-27 04:30:22.249566,2026-06-27 04:30:22.249568
BR00155,Matthewshire Branch,B1155,HEAD_OFFICE,636 Troy Islands,Matthewshire,Florida,74706,USA,South,40.281901,4.543803,+1-658-911-1282,branch155@novabank.com,2022-07-31,True,2026-06-27 04:30:22.249777,2026-06-27 04:30:22.249779
BR00156,Lake Regina Branch,B1156,REGIONAL,17012 Bryant Meadow,Lake Regina,Tennessee,40067,USA,Other,-47.324814,-32.886921,+1-426-514-4986,branch156@novabank.com,2008-03-01,True,2026-06-27 04:30:22.250016,2026-06-27 04:30:22.250018
BR00157,East Thomasberg Branch,B1157,REGIONAL,1520 Garrett Stream Apt. 611,East Thomasberg,Pennsylvania,30148,USA,Other,49.437255,58.943461,+1-684-666-9698,branch157@novabank.com,2006-08-27,True,2026-06-27 04:30:22.250262,2026-06-27 04:30:22.250264
BR00158,Derrickberg Branch,B1158,HEAD_OFFICE,62713 Davis Valley Apt. 155,Derrickberg,Tennessee,89254,USA,Other,-51.653172,-143.271799,+1-963-663-6419,branch158@novabank.com,2016-01-13,True,2026-06-27 04:30:22.250504,2026-06-27 04:30:22.250506
BR00159,Jensenmouth Branch,B1159,HEAD_OFFICE,275 Courtney Drive,Jensenmouth,Indiana,11863,USA,Other,-63.031601,-104.83102,+1-477-413-5118,branch159@novabank.com,2020-01-11,True,2026-06-27 04:30:22.250756,2026-06-27 04:30:22.250757
BR00160,Lake Peter Branch,B1160,RETAIL,6523 Newman Gateway Suite 043,Lake Peter,Tennessee,07653,USA,Other,-25.75237,85.690821,+1-938-297-6169,branch160@novabank.com,2013-06-07,True,2026-06-27 04:30:22.250995,2026-06-27 04:30:22.250997
BR00161,Valenciashire Branch,B1161,CORPORATE,9180 Peck Curve,Valenciashire,Nebraska,48396,USA,Other,56.661381,-87.244645,+1-396-321-8933,branch161@novabank.com,2020-03-19,True,2026-06-27 04:30:22.251246,2026-06-27 04:30:22.251247
BR00162,Hunterhaven Branch,B1162,REGIONAL,91043 Sandra Turnpike,Hunterhaven,Wyoming,54952,USA,Other,23.70261,35.971043,+1-302-952-4180,branch162@novabank.com,2007-12-21,True,2026-06-27 04:30:22.251480,2026-06-27 04:30:22.251482
BR00163,Peterland Branch,B1163,CORPORATE,1418 Terri Drives,Peterland,Maryland,92077,USA,Other,27.436764,-51.882526,+1-569-283-5952,branch163@novabank.com,2007-07-12,True,2026-06-27 04:30:22.251699,2026-06-27 04:30:22.251701
BR00164,North Alexander Branch,B1164,CORPORATE,1799 Kyle Streets,North Alexander,Florida,92447,USA,South,-86.953096,-92.043025,+1-480-146-1893,branch164@novabank.com,2015-06-03,False,2026-06-27 04:30:22.251899,2026-06-27 04:30:22.251901
BR00165,Nelsonland Branch,B1165,REGIONAL,842 Martinez Tunnel Suite 105,Nelsonland,Kentucky,93866,USA,Other,64.793754,156.904124,+1-914-229-9042,branch165@novabank.com,2007-11-15,True,2026-06-27 04:30:22.252153,2026-06-27 04:30:22.252154
BR00166,North Micheletown Branch,B1166,RETAIL,507 Michael Glens Apt. 913,North Micheletown,Kansas,06527,USA,Other,36.638343,15.408393,+1-787-391-8690,branch166@novabank.com,2013-05-19,True,2026-06-27 04:30:22.252370,2026-06-27 04:30:22.252372
BR00167,Josephland Branch,B1167,HEAD_OFFICE,08635 Robert Stravenue,Josephland,Oregon,49365,USA,Other,-57.948557,89.531176,+1-548-288-1841,branch167@novabank.com,2018-08-09,True,2026-06-27 04:30:22.252584,2026-06-27 04:30:22.252586
BR00168,Markside Branch,B1168,HEAD_OFFICE,38061 Cline Trail,Markside,New Jersey,01545,USA,Other,9.031037,-72.265493,+1-316-941-2070,branch168@novabank.com,2011-09-26,True,2026-06-27 04:30:22.252805,2026-06-27 04:30:22.252807
BR00169,South Andrewside Branch,B1169,HEAD_OFFICE,937 Vargas Park Apt. 832,South Andrewside,Minnesota,83855,USA,Other,-87.424412,-0.138917,+1-275-690-1878,branch169@novabank.com,2006-07-06,True,2026-06-27 04:30:22.253033,2026-06-27 04:30:22.253035
BR00170,Port April Branch,B1170,CORPORATE,413 Robert Circle Apt. 410,Port April,Vermont,49324,USA,Other,33.066389,-134.418361,+1-776-411-2395,branch170@novabank.com,2016-12-09,True,2026-06-27 04:30:22.253239,2026-06-27 04:30:22.253240
BR00171,West Jose Branch,B1171,RETAIL,619 Ryan Curve,West Jose,Massachusetts,52006,USA,Other,-2.422511,-9.244063,+1-771-882-7818,branch171@novabank.com,2014-08-20,False,2026-06-27 04:30:22.253440,2026-06-27 04:30:22.253442
BR00172,Richardside Branch,B1172,CORPORATE,32912 Frank Mountain,Richardside,Minnesota,27716,USA,Other,31.310567,-14.478556,+1-994-635-7232,branch172@novabank.com,2014-10-29,True,2026-06-27 04:30:22.253649,2026-06-27 04:30:22.253650
BR00173,West Randy Branch,B1173,HEAD_OFFICE,24903 Hernandez Station,West Randy,Arkansas,89260,USA,Other,-9.780556,-40.324017,+1-504-980-8025,branch173@novabank.com,2021-03-31,True,2026-06-27 04:30:22.253866,2026-06-27 04:30:22.253868
BR00174,North Alexander Branch,B1174,RETAIL,67883 Steven Unions,North Alexander,Wyoming,29636,USA,Other,-54.911395,-73.628139,+1-824-857-2625,branch174@novabank.com,2021-04-24,True,2026-06-27 04:30:22.254061,2026-06-27 04:30:22.254063
BR00175,North Rebecca Branch,B1175,CORPORATE,199 Lowery Club Apt. 137,North Rebecca,Michigan,16560,USA,Other,-78.538795,67.494765,+1-470-776-2330,branch175@novabank.com,2007-05-26,True,2026-06-27 04:30:22.254282,2026-06-27 04:30:22.254284
BR00176,Seanberg Branch,B1176,CORPORATE,670 Vega Extensions Suite 324,Seanberg,Arizona,80993,USA,Other,76.208939,151.237093,+1-377-665-2229,branch176@novabank.com,2010-11-29,True,2026-06-27 04:30:22.254524,2026-06-27 04:30:22.254526
BR00177,South Kimberlystad Branch,B1177,RETAIL,6870 Joshua Dam Suite 383,South Kimberlystad,New Mexico,71872,USA,Other,40.105159,4.70191,+1-618-561-8699,branch177@novabank.com,2022-11-30,True,2026-06-27 04:30:22.254723,2026-06-27 04:30:22.254725
BR00178,Katiebury Branch,B1178,RETAIL,4205 Anthony Valleys Suite 078,Katiebury,Hawaii,13625,USA,Other,-23.466379,172.6514,+1-437-395-5632,branch178@novabank.com,2010-10-29,True,2026-06-27 04:30:22.255216,2026-06-27 04:30:22.255218
BR00179,Robintown Branch,B1179,RETAIL,96522 Brittany Valley,Robintown,Virginia,92324,USA,Other,4.403957,124.755507,+1-903-339-5334,branch179@novabank.com,2016-08-18,False,2026-06-27 04:30:22.255440,2026-06-27 04:30:22.255442
BR00180,North Alisha Branch,B1180,CORPORATE,8427 Christopher Fort,North Alisha,Alabama,43982,USA,Other,74.855547,-71.839635,+1-635-217-9922,branch180@novabank.com,2021-01-01,True,2026-06-27 04:30:22.255649,2026-06-27 04:30:22.255651
BR00181,West Janetfurt Branch,B1181,CORPORATE,250 Dylan Squares Apt. 185,West Janetfurt,Pennsylvania,13743,USA,Other,0.344925,-17.991067,+1-472-946-3330,branch181@novabank.com,2012-04-17,True,2026-06-27 04:30:22.255848,2026-06-27 04:30:22.255850
BR00182,Jeffreyshire Branch,B1182,RETAIL,675 Jasmine Points,Jeffreyshire,Idaho,50096,USA,Other,-7.637767,-21.882247,+1-369-911-6039,branch182@novabank.com,2008-10-11,False,2026-06-27 04:30:22.256036,2026-06-27 04:30:22.256038
BR00183,Lake Ariana Branch,B1183,REGIONAL,969 Ian Island,Lake Ariana,New York,18935,USA,East,-1.102653,-138.227879,+1-649-227-8679,branch183@novabank.com,2010-10-08,True,2026-06-27 04:30:22.256223,2026-06-27 04:30:22.256225
BR00184,South Samuelchester Branch,B1184,HEAD_OFFICE,15704 John Cliff Suite 410,South Samuelchester,Hawaii,54767,USA,Other,42.360688,23.319767,+1-478-612-9847,branch184@novabank.com,2012-10-22,True,2026-06-27 04:30:22.256422,2026-06-27 04:30:22.256424
BR00185,North Matthewfurt Branch,B1185,HEAD_OFFICE,79327 Lauren Bypass Suite 054,North Matthewfurt,Hawaii,96443,USA,Other,-69.866692,113.693223,+1-282-712-1653,branch185@novabank.com,2023-06-10,True,2026-06-27 04:30:22.256619,2026-06-27 04:30:22.256621
BR00186,Mooreville Branch,B1186,REGIONAL,9970 Dunlap Expressway,Mooreville,Michigan,27442,USA,Other,-39.001489,39.730454,+1-818-356-1423,branch186@novabank.com,2019-01-13,True,2026-06-27 04:30:22.256854,2026-06-27 04:30:22.256855
BR00187,South Christopherfort Branch,B1187,CORPORATE,443 Brandon Ports Suite 205,South Christopherfort,Illinois,13213,USA,Midwest,-83.091628,-68.892964,+1-890-956-1339,branch187@novabank.com,2009-07-24,True,2026-06-27 04:30:22.257050,2026-06-27 04:30:22.257052
BR00188,Nicolestad Branch,B1188,RETAIL,71467 Jacobson Greens Apt. 862,Nicolestad,Idaho,58929,USA,Other,-78.023235,-38.644053,+1-981-874-3870,branch188@novabank.com,2014-05-27,True,2026-06-27 04:30:22.257274,2026-06-27 04:30:22.257276
BR00189,Port Paulhaven Branch,B1189,HEAD_OFFICE,49021 Elizabeth Valley Suite 938,Port Paulhaven,Nebraska,70691,USA,Other,37.459702,127.473641,+1-484-285-8141,branch189@novabank.com,2022-05-10,True,2026-06-27 04:30:22.257474,2026-06-27 04:30:22.257475
BR00190,East Brad Branch,B1190,RETAIL,1608 David Throughway Suite 223,East Brad,Colorado,90039,USA,Other,26.874985,-71.595414,+1-681-456-7690,branch190@novabank.com,2024-06-08,True,2026-06-27 04:30:22.257671,2026-06-27 04:30:22.257673
BR00191,Melissahaven Branch,B1191,REGIONAL,451 Paul Locks,Melissahaven,New Jersey,02121,USA,Other,77.250839,135.452509,+1-886-207-3634,branch191@novabank.com,2015-11-22,True,2026-06-27 04:30:22.257857,2026-06-27 04:30:22.257859
BR00192,Bakerfort Branch,B1192,HEAD_OFFICE,62299 Sara Port Apt. 485,Bakerfort,Oregon,80318,USA,Other,36.982486,-159.885772,+1-910-607-5722,branch192@novabank.com,2009-08-02,True,2026-06-27 04:30:22.258076,2026-06-27 04:30:22.258077
BR00193,Lisaport Branch,B1193,RETAIL,99606 Vaughn Causeway Suite 450,Lisaport,Maryland,37246,USA,Other,41.968027,-127.269944,+1-665-190-6153,branch193@novabank.com,2023-12-28,True,2026-06-27 04:30:22.258293,2026-06-27 04:30:22.258295
BR00194,Figueroahaven Branch,B1194,REGIONAL,47546 Jacob Forest,Figueroahaven,Mississippi,07868,USA,Other,48.316656,-94.652317,+1-318-891-7622,branch194@novabank.com,2007-09-01,False,2026-06-27 04:30:22.258505,2026-06-27 04:30:22.258506
BR00195,West Micheal Branch,B1195,RETAIL,89023 Mary Gateway Apt. 705,West Micheal,New Jersey,66708,USA,Other,16.553382,161.133041,+1-873-990-9889,branch195@novabank.com,2023-02-06,True,2026-06-27 04:30:22.258700,2026-06-27 04:30:22.258701
BR00196,Frankview Branch,B1196,HEAD_OFFICE,57972 Matthews Keys,Frankview,West Virginia,90790,USA,Other,-65.735602,-26.954541,+1-255-292-9494,branch196@novabank.com,2006-12-24,True,2026-06-27 04:30:22.258912,2026-06-27 04:30:22.258913
BR00197,Port Kimberlytown Branch,B1197,HEAD_OFFICE,93333 Pearson Passage,Port Kimberlytown,New Mexico,17843,USA,Other,83.777479,-87.013607,+1-840-552-1845,branch197@novabank.com,2017-04-22,True,2026-06-27 04:30:22.259122,2026-06-27 04:30:22.259124
BR00198,Jefferyport Branch,B1198,REGIONAL,49446 York Mount,Jefferyport,Utah,68742,USA,Other,77.397986,33.219647,+1-762-234-5719,branch198@novabank.com,2017-01-02,True,2026-06-27 04:30:22.259328,2026-06-27 04:30:22.259330
BR00199,Brownview Branch,B1199,HEAD_OFFICE,589 Evans Coves,Brownview,South Dakota,43117,USA,Other,-15.674268,-39.797823,+1-324-129-4920,branch199@novabank.com,2018-04-18,True,2026-06-27 04:30:22.259555,2026-06-27 04:30:22.259557
BR00200,Rebeccafurt Branch,B1200,REGIONAL,28309 Guerrero Springs Apt. 074,Rebeccafurt,Missouri,97065,USA,Other,-80.519127,133.008467,+1-764-114-7684,branch200@novabank.com,2019-03-26,True,2026-06-27 04:30:22.259772,2026-06-27 04:30:22.259774
BR00201,West Connor Branch,B1201,CORPORATE,3875 Bruce Ville,West Connor,Florida,97614,USA,South,-20.568673,120.127833,+1-316-572-2924,branch201@novabank.com,2020-03-20,True,2026-06-27 04:30:22.259977,2026-06-27 04:30:22.259979
BR00202,Robertmouth Branch,B1202,HEAD_OFFICE,513 Walker Well,Robertmouth,Mississippi,34653,USA,Other,67.187937,-22.132506,+1-933-398-9337,branch202@novabank.com,2014-11-01,True,2026-06-27 04:30:22.260184,2026-06-27 04:30:22.260186
BR00203,Port Erinhaven Branch,B1203,HEAD_OFFICE,0999 Thomas Fields,Port Erinhaven,Maryland,54647,USA,Other,-75.48785,-99.051435,+1-694-583-4993,branch203@novabank.com,2008-12-16,True,2026-06-27 04:30:22.260376,2026-06-27 04:30:22.260377
BR00204,South Marvinburgh Branch,B1204,CORPORATE,6972 Huffman Falls,South Marvinburgh,Massachusetts,83666,USA,Other,-74.427095,-177.469459,+1-592-295-9327,branch204@novabank.com,2014-08-16,True,2026-06-27 04:30:22.260585,2026-06-27 04:30:22.260586
BR00205,Sanfordfurt Branch,B1205,RETAIL,92712 Schultz Lodge,Sanfordfurt,Alabama,05445,USA,Other,53.286177,-72.94029,+1-482-891-7798,branch205@novabank.com,2019-08-21,True,2026-06-27 04:30:22.260812,2026-06-27 04:30:22.260813
BR00206,Larryville Branch,B1206,REGIONAL,8300 Jeremy Wells,Larryville,Missouri,66474,USA,Other,68.020084,-15.65571,+1-202-389-5891,branch206@novabank.com,2009-06-29,False,2026-06-27 04:30:22.261009,2026-06-27 04:30:22.261011
BR00207,West Wendy Branch,B1207,HEAD_OFFICE,4789 Hamilton Spur,West Wendy,New York,47588,USA,East,-39.419772,-91.478842,+1-352-557-9824,branch207@novabank.com,2023-07-21,True,2026-06-27 04:30:22.261224,2026-06-27 04:30:22.261225
BR00208,New Virginiaville Branch,B1208,REGIONAL,33230 David Station Apt. 648,New Virginiaville,Tennessee,03088,USA,Other,-77.052001,-117.835809,+1-540-665-9903,branch208@novabank.com,2013-12-27,True,2026-06-27 04:30:22.261422,2026-06-27 04:30:22.261424
BR00209,South Maria Branch,B1209,HEAD_OFFICE,84723 Kevin Shore Apt. 849,South Maria,Connecticut,67555,USA,Other,75.812033,-116.791735,+1-529-990-4090,branch209@novabank.com,2011-07-29,True,2026-06-27 04:30:22.261617,2026-06-27 04:30:22.261618
BR00210,Ethanside Branch,B1210,HEAD_OFFICE,3934 Michael Lodge,Ethanside,New York,27723,USA,East,39.027245,-2.508534,+1-439-976-7730,branch210@novabank.com,2010-09-15,True,2026-06-27 04:30:22.261803,2026-06-27 04:30:22.261804
BR00211,Lake Jenniferview Branch,B1211,REGIONAL,119 Hernandez Course,Lake Jenniferview,Tennessee,30799,USA,Other,32.608224,-21.074302,+1-962-584-7246,branch211@novabank.com,2011-03-29,True,2026-06-27 04:30:22.262011,2026-06-27 04:30:22.262013
BR00212,North Melissaburgh Branch,B1212,CORPORATE,20455 Rodgers Court,North Melissaburgh,Michigan,47362,USA,Other,27.498096,153.830111,+1-707-137-3068,branch212@novabank.com,2011-04-26,False,2026-06-27 04:30:22.262226,2026-06-27 04:30:22.262228
BR00213,Vaughnfort Branch,B1213,REGIONAL,5216 Rivers Groves,Vaughnfort,Nebraska,85546,USA,Other,-45.230676,-119.303222,+1-302-995-8213,branch213@novabank.com,2008-11-14,True,2026-06-27 04:30:22.262455,2026-06-27 04:30:22.262457
BR00214,Cherylberg Branch,B1214,HEAD_OFFICE,16979 White Light,Cherylberg,New Mexico,64480,USA,Other,-59.683577,40.806556,+1-215-839-3361,branch214@novabank.com,2014-06-02,True,2026-06-27 04:30:22.262663,2026-06-27 04:30:22.262665
BR00215,Aprilville Branch,B1215,CORPORATE,5089 Tiffany Skyway,Aprilville,Nevada,87233,USA,Other,-23.273122,78.734024,+1-276-580-5342,branch215@novabank.com,2012-09-16,True,2026-06-27 04:30:22.262849,2026-06-27 04:30:22.262850
BR00216,West Tara Branch,B1216,HEAD_OFFICE,89002 Christian Ways Apt. 175,West Tara,Arkansas,66945,USA,Other,-30.217674,115.545056,+1-865-182-6383,branch216@novabank.com,2018-01-24,False,2026-06-27 04:30:22.263110,2026-06-27 04:30:22.263111
BR00217,South Robertside Branch,B1217,HEAD_OFFICE,17797 Melissa Mission Suite 170,South Robertside,Oklahoma,00523,USA,Other,-65.600413,144.379161,+1-524-741-8994,branch217@novabank.com,2023-10-28,False,2026-06-27 04:30:22.263342,2026-06-27 04:30:22.263344
BR00218,Moranstad Branch,B1218,RETAIL,837 Cox Center Apt. 758,Moranstad,Virginia,59815,USA,Other,-59.392087,-127.6889,+1-832-170-4846,branch218@novabank.com,2020-02-26,True,2026-06-27 04:30:22.263576,2026-06-27 04:30:22.263577
BR00219,South Donald Branch,B1219,CORPORATE,55488 Park Cape,South Donald,Virginia,97823,USA,Other,19.846677,-122.575478,+1-964-192-8110,branch219@novabank.com,2011-01-23,True,2026-06-27 04:30:22.263781,2026-06-27 04:30:22.263783
BR00220,Lake Maryshire Branch,B1220,RETAIL,16373 Rodriguez Mall,Lake Maryshire,Delaware,59549,USA,Other,32.779123,173.506246,+1-654-270-5906,branch220@novabank.com,2017-02-03,True,2026-06-27 04:30:22.263990,2026-06-27 04:30:22.263992
BR00221,Lake Beth Branch,B1221,RETAIL,0808 Roberson Orchard,Lake Beth,Washington,17328,USA,West,-62.202444,27.986784,+1-532-915-1919,branch221@novabank.com,2018-04-27,True,2026-06-27 04:30:22.264195,2026-06-27 04:30:22.264196
BR00222,Morrisonhaven Branch,B1222,REGIONAL,669 Joshua Junctions Suite 722,Morrisonhaven,Maryland,92447,USA,Other,57.050545,-11.470428,+1-583-541-3385,branch222@novabank.com,2019-04-20,True,2026-06-27 04:30:22.264413,2026-06-27 04:30:22.264415
BR00223,Jenniferstad Branch,B1223,HEAD_OFFICE,39452 William Square,Jenniferstad,Oklahoma,63464,USA,Other,66.445868,126.359047,+1-779-798-3950,branch223@novabank.com,2023-06-15,True,2026-06-27 04:30:22.264605,2026-06-27 04:30:22.264606
BR00224,West Karen Branch,B1224,CORPORATE,846 Alexandra Burg Suite 200,West Karen,Hawaii,38068,USA,Other,-22.740542,-101.386857,+1-280-724-7267,branch224@novabank.com,2021-08-05,False,2026-06-27 04:30:22.264796,2026-06-27 04:30:22.264798
BR00225,South Paulmouth Branch,B1225,CORPORATE,80571 Julia Points Suite 384,South Paulmouth,Oklahoma,07552,USA,Other,-86.519671,-45.062258,+1-709-697-3344,branch225@novabank.com,2010-02-21,True,2026-06-27 04:30:22.264997,2026-06-27 04:30:22.264999
BR00226,South Billyview Branch,B1226,HEAD_OFFICE,59893 Kelly Fall Apt. 228,South Billyview,Oklahoma,35135,USA,Other,-55.085532,-93.601982,+1-853-360-8529,branch226@novabank.com,2016-12-30,True,2026-06-27 04:30:22.265198,2026-06-27 04:30:22.265199
BR00227,Charlesmouth Branch,B1227,RETAIL,57202 Carlson Trail Suite 798,Charlesmouth,North Dakota,29331,USA,Other,-40.643014,99.498372,+1-676-394-9955,branch227@novabank.com,2007-09-18,True,2026-06-27 04:30:22.265414,2026-06-27 04:30:22.265416
BR00228,Markport Branch,B1228,RETAIL,8861 Walker Forest,Markport,Indiana,99153,USA,Other,75.968435,104.809427,+1-652-453-5901,branch228@novabank.com,2015-01-13,True,2026-06-27 04:30:22.265620,2026-06-27 04:30:22.265622
BR00229,Patrickville Branch,B1229,REGIONAL,57399 Susan Springs,Patrickville,Missouri,34132,USA,Other,55.01885,-28.157338,+1-667-965-5949,branch229@novabank.com,2006-12-06,True,2026-06-27 04:30:22.265807,2026-06-27 04:30:22.265808
BR00230,East Teresaside Branch,B1230,HEAD_OFFICE,877 Kenneth Run Apt. 581,East Teresaside,Ohio,01461,USA,Other,78.291067,-144.850084,+1-694-209-4886,branch230@novabank.com,2010-04-12,True,2026-06-27 04:30:22.266002,2026-06-27 04:30:22.266004
BR00231,North Stephen Branch,B1231,REGIONAL,613 Lucas Cliffs,North Stephen,Michigan,05466,USA,Other,-66.506287,-140.675263,+1-788-402-5837,branch231@novabank.com,2007-06-18,True,2026-06-27 04:30:22.266208,2026-06-27 04:30:22.266209
BR00232,Nunezside Branch,B1232,HEAD_OFFICE,193 Russell Mission Suite 650,Nunezside,Alabama,84573,USA,Other,75.986893,-146.049578,+1-481-108-1803,branch232@novabank.com,2020-02-04,False,2026-06-27 04:30:22.266446,2026-06-27 04:30:22.266448
BR00233,Catherineport Branch,B1233,HEAD_OFFICE,158 Keith Spur,Catherineport,Wisconsin,57868,USA,Other,12.384927,32.124814,+1-493-894-4770,branch233@novabank.com,2021-04-14,False,2026-06-27 04:30:22.266633,2026-06-27 04:30:22.266634
BR00234,Susanberg Branch,B1234,REGIONAL,2832 Robles Vista,Susanberg,Maryland,89274,USA,Other,83.930232,20.322916,+1-424-751-4115,branch234@novabank.com,2023-09-20,False,2026-06-27 04:30:22.266839,2026-06-27 04:30:22.266841
BR00235,Medinaland Branch,B1235,REGIONAL,821 Adam Ranch,Medinaland,Maryland,28033,USA,Other,2.301974,-66.324595,+1-894-873-3240,branch235@novabank.com,2013-11-30,True,2026-06-27 04:30:22.267216,2026-06-27 04:30:22.267218
BR00236,Port Karenside Branch,B1236,RETAIL,23943 Howard Union,Port Karenside,New Jersey,84999,USA,Other,57.549471,-140.730806,+1-516-907-8222,branch236@novabank.com,2011-09-20,True,2026-06-27 04:30:22.267514,2026-06-27 04:30:22.267516
BR00237,North Justin Branch,B1237,REGIONAL,1397 Howard Skyway,North Justin,California,25863,USA,West,-4.694988,80.844763,+1-949-234-2476,branch237@novabank.com,2014-08-06,True,2026-06-27 04:30:22.267729,2026-06-27 04:30:22.267730
BR00238,Lake Jodi Branch,B1238,REGIONAL,929 Aguirre Meadow Apt. 053,Lake Jodi,Nevada,36765,USA,Other,6.498789,-107.895107,+1-965-525-3877,branch238@novabank.com,2018-09-19,True,2026-06-27 04:30:22.267948,2026-06-27 04:30:22.267950
BR00239,West Jessica Branch,B1239,CORPORATE,7754 Arnold Extensions Apt. 428,West Jessica,South Dakota,10523,USA,Other,-69.759979,-169.997939,+1-752-997-6994,branch239@novabank.com,2021-10-11,False,2026-06-27 04:30:22.268168,2026-06-27 04:30:22.268170
BR00240,Amyside Branch,B1240,REGIONAL,969 Rebecca Plaza,Amyside,New Mexico,86210,USA,Other,-50.101637,16.397383,+1-368-363-8894,branch240@novabank.com,2013-07-20,True,2026-06-27 04:30:22.268397,2026-06-27 04:30:22.268399
BR00241,South Erik Branch,B1241,REGIONAL,78816 Shaw Shore Apt. 928,South Erik,Oregon,74663,USA,Other,87.00991,-101.509982,+1-317-579-2233,branch241@novabank.com,2019-09-25,True,2026-06-27 04:30:22.268618,2026-06-27 04:30:22.268620
BR00242,Harrisonmouth Branch,B1242,CORPORATE,0373 Joseph Fort Apt. 385,Harrisonmouth,Arizona,05731,USA,Other,84.087036,-6.015645,+1-892-841-7511,branch242@novabank.com,2008-05-05,False,2026-06-27 04:30:22.268836,2026-06-27 04:30:22.268838
BR00243,Nicholasbury Branch,B1243,REGIONAL,498 Nicholas Lane Suite 918,Nicholasbury,North Dakota,53695,USA,Other,4.730336,5.237819,+1-292-909-7464,branch243@novabank.com,2015-04-01,True,2026-06-27 04:30:22.269036,2026-06-27 04:30:22.269038
BR00244,West Carolyn Branch,B1244,REGIONAL,082 Martin Club Suite 322,West Carolyn,Delaware,87153,USA,Other,-28.166878,42.594024,+1-749-226-8451,branch244@novabank.com,2021-02-01,True,2026-06-27 04:30:22.269253,2026-06-27 04:30:22.269254
BR00245,East Bradleyshire Branch,B1245,REGIONAL,7739 Deborah Loop,East Bradleyshire,Pennsylvania,21620,USA,Other,-53.83529,157.98194,+1-798-490-7086,branch245@novabank.com,2015-09-18,True,2026-06-27 04:30:22.269527,2026-06-27 04:30:22.269528
BR00246,Staceyborough Branch,B1246,CORPORATE,24286 Natalie Stream,Staceyborough,New Hampshire,79999,USA,Other,36.544086,78.593753,+1-682-125-6374,branch246@novabank.com,2009-07-22,False,2026-06-27 04:30:22.269827,2026-06-27 04:30:22.269829
BR00247,East Nicholasberg Branch,B1247,CORPORATE,292 Jackson Spur Suite 799,East Nicholasberg,Connecticut,02671,USA,Other,-35.682475,100.628515,+1-863-164-8606,branch247@novabank.com,2021-12-16,True,2026-06-27 04:30:22.270118,2026-06-27 04:30:22.270120
BR00248,Port Erikachester Branch,B1248,HEAD_OFFICE,91279 Natalie Place Apt. 172,Port Erikachester,North Dakota,55640,USA,Other,9.422439,-156.679249,+1-319-243-1742,branch248@novabank.com,2019-01-16,True,2026-06-27 04:30:22.270320,2026-06-27 04:30:22.270322
BR00249,Scotttown Branch,B1249,REGIONAL,76599 Ronald Glens Suite 314,Scotttown,Virginia,97972,USA,Other,-88.090329,130.304484,+1-704-218-2592,branch249@novabank.com,2015-11-22,True,2026-06-27 04:30:22.270544,2026-06-27 04:30:22.270545
BR00250,Joseside Branch,B1250,CORPORATE,3565 Eric Run,Joseside,Nevada,74513,USA,Other,8.151839,148.500937,+1-597-564-7078,branch250@novabank.com,2011-06-12,False,2026-06-27 04:30:22.270732,2026-06-27 04:30:22.270734
BR00251,Fitzgeraldville Branch,B1251,HEAD_OFFICE,68872 Hansen Orchard Suite 495,Fitzgeraldville,West Virginia,30617,USA,Other,29.881899,-93.136905,+1-801-860-3531,branch251@novabank.com,2008-04-16,True,2026-06-27 04:30:22.270970,2026-06-27 04:30:22.270972
BR00252,Davisview Branch,B1252,RETAIL,8902 Oconnell Avenue Apt. 279,Davisview,Iowa,49107,USA,Other,-68.514497,146.96988,+1-701-730-7686,branch252@novabank.com,2007-03-02,True,2026-06-27 04:30:22.271211,2026-06-27 04:30:22.271213
BR00253,Port Diane Branch,B1253,RETAIL,9849 Sonya Viaduct Apt. 770,Port Diane,North Dakota,37988,USA,Other,-37.723135,-161.956119,+1-906-479-4559,branch253@novabank.com,2020-08-06,True,2026-06-27 04:30:22.271507,2026-06-27 04:30:22.271508
BR00254,West Kimberlystad Branch,B1254,HEAD_OFFICE,205 Diana Estate,West Kimberlystad,Texas,52293,USA,South,18.837415,134.649393,+1-441-975-6942,branch254@novabank.com,2010-02-03,True,2026-06-27 04:30:22.271696,2026-06-27 04:30:22.271697
BR00255,Michaelview Branch,B1255,REGIONAL,118 Barber Points,Michaelview,Iowa,79978,USA,Other,-37.782541,64.146883,+1-757-760-6876,branch255@novabank.com,2023-03-22,True,2026-06-27 04:30:22.271910,2026-06-27 04:30:22.271911
BR00256,Port Williamview Branch,B1256,HEAD_OFFICE,2681 Wesley Junctions,Port Williamview,Ohio,75853,USA,Other,-22.853155,57.709602,+1-482-294-3001,branch256@novabank.com,2023-11-16,True,2026-06-27 04:30:22.272105,2026-06-27 04:30:22.272107
BR00257,Moseshaven Branch,B1257,RETAIL,57790 Wilson Cliff Suite 335,Moseshaven,Ohio,01775,USA,Other,-19.307605,-46.71771,+1-878-317-1349,branch257@novabank.com,2011-08-28,True,2026-06-27 04:30:22.272348,2026-06-27 04:30:22.272350
BR00258,South Jillian Branch,B1258,REGIONAL,518 Thomas Knoll Apt. 942,South Jillian,Kansas,96895,USA,Other,-25.02345,-37.511573,+1-449-228-4362,branch258@novabank.com,2010-03-17,True,2026-06-27 04:30:22.272546,2026-06-27 04:30:22.272547
BR00259,Austinside Branch,B1259,CORPORATE,95211 Emma Shore,Austinside,Arizona,63715,USA,Other,9.642311,153.218315,+1-800-321-4817,branch259@novabank.com,2012-02-29,True,2026-06-27 04:30:22.272756,2026-06-27 04:30:22.272757
BR00260,New Michaelburgh Branch,B1260,CORPORATE,2846 Karen Crossroad Apt. 867,New Michaelburgh,New Jersey,16277,USA,Other,49.104633,66.998518,+1-810-102-5542,branch260@novabank.com,2012-03-02,True,2026-06-27 04:30:22.272957,2026-06-27 04:30:22.272958
BR00261,New Jose Branch,B1261,CORPORATE,36915 Salazar Green,New Jose,Louisiana,62281,USA,Other,74.573496,4.198511,+1-753-356-3858,branch261@novabank.com,2013-01-26,True,2026-06-27 04:30:22.273254,2026-06-27 04:30:22.273256
BR00262,Lindaside Branch,B1262,RETAIL,3655 Ramirez Falls Apt. 931,Lindaside,Nevada,50424,USA,Other,-37.369681,-101.700742,+1-334-115-6869,branch262@novabank.com,2020-11-19,True,2026-06-27 04:30:22.273472,2026-06-27 04:30:22.273473
BR00263,Kristenport Branch,B1263,REGIONAL,0267 Wendy Vista,Kristenport,Kentucky,74181,USA,Other,62.426918,-154.386263,+1-216-278-5347,branch263@novabank.com,2013-08-28,True,2026-06-27 04:30:22.273665,2026-06-27 04:30:22.273666
BR00264,Mauricechester Branch,B1264,CORPORATE,34717 Green Lake,Mauricechester,Delaware,46519,USA,Other,72.558078,-73.185177,+1-959-531-9619,branch264@novabank.com,2016-11-13,True,2026-06-27 04:30:22.273876,2026-06-27 04:30:22.273878
BR00265,Stevenberg Branch,B1265,RETAIL,5587 Preston Light,Stevenberg,Hawaii,84463,USA,Other,0.566985,46.461,+1-687-559-6931,branch265@novabank.com,2017-11-06,False,2026-06-27 04:30:22.274085,2026-06-27 04:30:22.274087
BR00266,Normanstad Branch,B1266,RETAIL,12535 Delgado Station Suite 964,Normanstad,West Virginia,77429,USA,Other,49.837609,61.74688,+1-662-615-4629,branch266@novabank.com,2013-12-08,False,2026-06-27 04:30:22.274327,2026-06-27 04:30:22.274328
BR00267,South Amytown Branch,B1267,RETAIL,23413 Randy Court,South Amytown,Wyoming,52538,USA,Other,50.655559,-135.304849,+1-944-902-9543,branch267@novabank.com,2008-05-10,True,2026-06-27 04:30:22.274521,2026-06-27 04:30:22.274523
BR00268,North Austin Branch,B1268,HEAD_OFFICE,64334 Sims Curve,North Austin,Minnesota,43125,USA,Other,37.816814,70.822587,+1-858-131-1996,branch268@novabank.com,2024-01-14,True,2026-06-27 04:30:22.274729,2026-06-27 04:30:22.274730
BR00269,Timothybury Branch,B1269,HEAD_OFFICE,728 Brittany Motorway Suite 884,Timothybury,Colorado,58416,USA,Other,-7.357264,16.378425,+1-636-802-2768,branch269@novabank.com,2013-11-27,True,2026-06-27 04:30:22.274925,2026-06-27 04:30:22.274927
BR00270,Lake Sandrafort Branch,B1270,HEAD_OFFICE,0082 Mitchell Place,Lake Sandrafort,Maryland,01698,USA,Other,25.544099,-22.738371,+1-275-182-6277,branch270@novabank.com,2017-03-26,False,2026-06-27 04:30:22.275136,2026-06-27 04:30:22.275138
BR00271,Claytonbury Branch,B1271,CORPORATE,536 Foster Estates,Claytonbury,Kentucky,10883,USA,Other,23.344021,155.717739,+1-267-229-5505,branch271@novabank.com,2010-10-19,False,2026-06-27 04:30:22.275363,2026-06-27 04:30:22.275365
BR00272,Jackiefort Branch,B1272,REGIONAL,8463 Ian Highway Apt. 797,Jackiefort,Illinois,42528,USA,Midwest,-84.793588,-98.315463,+1-590-711-9692,branch272@novabank.com,2007-05-19,True,2026-06-27 04:30:22.275560,2026-06-27 04:30:22.275561
BR00273,South Jeffchester Branch,B1273,HEAD_OFFICE,14427 Jesse Drive,South Jeffchester,Maryland,65826,USA,Other,9.696145,68.938702,+1-717-719-8048,branch273@novabank.com,2019-01-12,True,2026-06-27 04:30:22.275756,2026-06-27 04:30:22.275757
BR00274,East Paula Branch,B1274,RETAIL,1204 Jones Mountains,East Paula,Kentucky,50515,USA,Other,-86.613555,-114.52239,+1-870-766-4522,branch274@novabank.com,2024-01-11,True,2026-06-27 04:30:22.275968,2026-06-27 04:30:22.275970
BR00275,South Paul Branch,B1275,HEAD_OFFICE,7303 Moss Court,South Paul,Maryland,42845,USA,Other,-47.423067,157.779984,+1-433-523-6553,branch275@novabank.com,2019-08-05,True,2026-06-27 04:30:22.276180,2026-06-27 04:30:22.276182
BR00276,East Cynthiamouth Branch,B1276,HEAD_OFFICE,7435 Michelle Forge,East Cynthiamouth,Alabama,22437,USA,Other,-15.88496,133.906737,+1-625-847-2557,branch276@novabank.com,2008-08-21,True,2026-06-27 04:30:22.276375,2026-06-27 04:30:22.276377
BR00277,South Christopher Branch,B1277,HEAD_OFFICE,09792 Townsend Gateway,South Christopher,South Carolina,44858,USA,Other,77.807682,-147.759648,+1-520-781-5176,branch277@novabank.com,2007-07-25,True,2026-06-27 04:30:22.276585,2026-06-27 04:30:22.276587
BR00278,Lindamouth Branch,B1278,CORPORATE,812 Hall Point,Lindamouth,Washington,25793,USA,West,-84.268143,22.813154,+1-903-585-2099,branch278@novabank.com,2012-12-06,True,2026-06-27 04:30:22.276794,2026-06-27 04:30:22.276796
BR00279,New Jacob Branch,B1279,RETAIL,0778 Daniels Overpass,New Jacob,Minnesota,42926,USA,Other,35.73375,-32.186308,+1-295-542-2582,branch279@novabank.com,2022-02-07,True,2026-06-27 04:30:22.277007,2026-06-27 04:30:22.277008
BR00280,Grosstown Branch,B1280,CORPORATE,82744 Gibson Trail,Grosstown,South Carolina,48221,USA,Other,76.48295,-51.802443,+1-769-161-6400,branch280@novabank.com,2012-04-04,True,2026-06-27 04:30:22.277235,2026-06-27 04:30:22.277237
BR00281,Marcusmouth Branch,B1281,HEAD_OFFICE,863 Cannon Drives,Marcusmouth,Delaware,13117,USA,Other,50.445574,173.739431,+1-562-994-7929,branch281@novabank.com,2007-09-08,True,2026-06-27 04:30:22.277443,2026-06-27 04:30:22.277444
BR00282,Barretthaven Branch,B1282,REGIONAL,03173 Anthony Row,Barretthaven,South Carolina,92423,USA,Other,68.457695,-42.594047,+1-814-419-6761,branch282@novabank.com,2007-05-15,True,2026-06-27 04:30:22.277655,2026-06-27 04:30:22.277656
BR00283,South Laurieton Branch,B1283,CORPORATE,103 Hebert Village,South Laurieton,Mississippi,73641,USA,Other,21.656587,18.14222,+1-358-772-8900,branch283@novabank.com,2020-10-12,True,2026-06-27 04:30:22.277865,2026-06-27 04:30:22.277866
BR00284,New Colton Branch,B1284,RETAIL,480 Mary Club,New Colton,Washington,30780,USA,West,52.716676,26.873053,+1-558-965-7022,branch284@novabank.com,2009-11-23,True,2026-06-27 04:30:22.278050,2026-06-27 04:30:22.278051
BR00285,Emilychester Branch,B1285,REGIONAL,288 Reese Trafficway,Emilychester,Connecticut,22365,USA,Other,-41.575174,115.26046,+1-787-331-8030,branch285@novabank.com,2013-09-18,False,2026-06-27 04:30:22.278258,2026-06-27 04:30:22.278259
BR00286,Charleneshire Branch,B1286,RETAIL,289 Mahoney Island Suite 566,Charleneshire,Ohio,28540,USA,Other,10.680227,115.407153,+1-823-773-5381,branch286@novabank.com,2023-02-26,True,2026-06-27 04:30:22.278478,2026-06-27 04:30:22.278480
BR00287,West Traceyborough Branch,B1287,CORPORATE,7760 Tonya Ranch Apt. 824,West Traceyborough,Massachusetts,03345,USA,Other,-15.923322,117.245643,+1-479-819-6062,branch287@novabank.com,2015-09-09,True,2026-06-27 04:30:22.278677,2026-06-27 04:30:22.278679
BR00288,East Jonathan Branch,B1288,REGIONAL,07522 Richardson Prairie,East Jonathan,Maryland,12547,USA,Other,63.138981,34.640048,+1-206-285-3347,branch288@novabank.com,2016-09-23,False,2026-06-27 04:30:22.278885,2026-06-27 04:30:22.278887
BR00289,New Dawnton Branch,B1289,HEAD_OFFICE,157 Tracy Spurs,New Dawnton,Washington,76035,USA,West,12.420504,-137.867771,+1-271-245-1502,branch289@novabank.com,2020-07-11,True,2026-06-27 04:30:22.279080,2026-06-27 04:30:22.279081
BR00290,West Amberberg Branch,B1290,CORPORATE,6613 Cynthia Roads Suite 048,West Amberberg,Massachusetts,66351,USA,Other,-30.730208,-97.752728,+1-585-529-8432,branch290@novabank.com,2007-05-25,True,2026-06-27 04:30:22.279281,2026-06-27 04:30:22.279282
BR00291,South Ashleyton Branch,B1291,CORPORATE,9981 Ryan Turnpike Suite 225,South Ashleyton,Oklahoma,52823,USA,Other,-19.52013,-134.323568,+1-578-419-6314,branch291@novabank.com,2013-08-29,False,2026-06-27 04:30:22.279482,2026-06-27 04:30:22.279483
BR00292,East Charles Branch,B1292,RETAIL,227 Tony Run Apt. 898,East Charles,Wyoming,56870,USA,Other,-3.18485,129.247436,+1-253-259-3579,branch292@novabank.com,2008-02-06,False,2026-06-27 04:30:22.279681,2026-06-27 04:30:22.279682
BR00293,Hansonmouth Branch,B1293,RETAIL,5535 Wheeler Burg Suite 259,Hansonmouth,Arizona,31104,USA,Other,-36.397409,20.693511,+1-890-183-5458,branch293@novabank.com,2009-04-17,True,2026-06-27 04:30:22.279918,2026-06-27 04:30:22.279920
BR00294,West Shannontown Branch,B1294,HEAD_OFFICE,03924 Matthew Unions,West Shannontown,Michigan,27896,USA,Other,54.419741,-66.250306,+1-697-721-8242,branch294@novabank.com,2010-02-26,True,2026-06-27 04:30:22.280110,2026-06-27 04:30:22.280112
BR00295,Jamesview Branch,B1295,REGIONAL,792 Nicholas Shore Apt. 420,Jamesview,Arkansas,61444,USA,Other,85.760226,-175.525621,+1-420-873-9394,branch295@novabank.com,2007-09-08,True,2026-06-27 04:30:22.280304,2026-06-27 04:30:22.280306
BR00296,West Toddside Branch,B1296,REGIONAL,510 Dillon Run Suite 368,West Toddside,Colorado,24935,USA,Other,-36.614846,88.784861,+1-640-213-5640,branch296@novabank.com,2023-11-21,False,2026-06-27 04:30:22.280535,2026-06-27 04:30:22.280536
BR00297,Gabriellestad Branch,B1297,HEAD_OFFICE,38457 Garner Brook,Gabriellestad,South Dakota,40127,USA,Other,-26.594268,89.107328,+1-739-783-6053,branch297@novabank.com,2011-06-14,True,2026-06-27 04:30:22.280787,2026-06-27 04:30:22.280788
BR00298,Sandovalland Branch,B1298,CORPORATE,460 Perez Junctions,Sandovalland,Washington,50597,USA,West,49.779131,148.805725,+1-604-713-1897,branch298@novabank.com,2022-03-12,True,2026-06-27 04:30:22.281014,2026-06-27 04:30:22.281016
BR00299,Danielsborough Branch,B1299,CORPORATE,3926 Browning Isle,Danielsborough,Tennessee,18664,USA,Other,65.969241,110.637122,+1-508-316-3248,branch299@novabank.com,2018-10-19,True,2026-06-27 04:30:22.281242,2026-06-27 04:30:22.281243
BR00300,East Lonnieberg Branch,B1300,REGIONAL,48262 Lonnie Point,East Lonnieberg,Washington,04365,USA,West,-4.452992,42.286113,+1-535-222-1126,branch300@novabank.com,2023-10-15,True,2026-06-27 04:30:22.281473,2026-06-27 04:30:22.281475
BR00301,New Jesse Branch,B1301,HEAD_OFFICE,4231 Jack Track Suite 999,New Jesse,Utah,03919,USA,Other,6.438481,-137.331956,+1-379-232-7229,branch301@novabank.com,2018-11-15,False,2026-06-27 04:30:22.281668,2026-06-27 04:30:22.281669
BR00302,Durantown Branch,B1302,CORPORATE,89752 Henry Dam Apt. 330,Durantown,Louisiana,54639,USA,Other,-30.25856,-71.104554,+1-712-672-6802,branch302@novabank.com,2020-02-16,True,2026-06-27 04:30:22.281948,2026-06-27 04:30:22.281949
BR00303,New Jillfurt Branch,B1303,HEAD_OFFICE,79757 Ronald Trail,New Jillfurt,Washington,41513,USA,West,15.804025,148.299178,+1-959-143-8147,branch303@novabank.com,2023-05-23,True,2026-06-27 04:30:22.282172,2026-06-27 04:30:22.282174
BR00304,Terrellton Branch,B1304,HEAD_OFFICE,177 Natalie Gardens,Terrellton,Oklahoma,51278,USA,Other,48.546701,158.57686,+1-279-982-6129,branch304@novabank.com,2023-10-24,False,2026-06-27 04:30:22.282379,2026-06-27 04:30:22.282381
BR00305,Lake Zacharyberg Branch,B1305,HEAD_OFFICE,7644 Jackson Hill,Lake Zacharyberg,New Jersey,85186,USA,Other,31.251783,-131.444961,+1-787-514-7843,branch305@novabank.com,2019-06-30,True,2026-06-27 04:30:22.282694,2026-06-27 04:30:22.282696
BR00306,Garzaborough Branch,B1306,RETAIL,98266 Hayes Fall,Garzaborough,New Jersey,12321,USA,Other,-22.869045,-6.01368,+1-614-121-6321,branch306@novabank.com,2018-12-08,True,2026-06-27 04:30:22.283075,2026-06-27 04:30:22.283077
BR00307,Acostahaven Branch,B1307,HEAD_OFFICE,111 Walters Corner,Acostahaven,South Carolina,21459,USA,Other,11.650771,115.464698,+1-906-470-2443,branch307@novabank.com,2013-05-03,True,2026-06-27 04:30:22.283360,2026-06-27 04:30:22.283362
BR00308,Parkermouth Branch,B1308,RETAIL,9222 Kayla Center,Parkermouth,Maine,82611,USA,Other,-41.49478,-116.888691,+1-449-546-7560,branch308@novabank.com,2022-08-29,False,2026-06-27 04:30:22.283730,2026-06-27 04:30:22.283731
BR00309,Youngshire Branch,B1309,RETAIL,94077 Stephens Avenue,Youngshire,Texas,62853,USA,South,31.799497,40.198338,+1-605-991-6083,branch309@novabank.com,2014-06-10,True,2026-06-27 04:30:22.283959,2026-06-27 04:30:22.283960
BR00310,Benjaminton Branch,B1310,CORPORATE,84983 Jack Centers,Benjaminton,Texas,76272,USA,South,71.943208,-19.775415,+1-541-897-3754,branch310@novabank.com,2012-06-12,True,2026-06-27 04:30:22.284184,2026-06-27 04:30:22.284186
BR00311,Sarahland Branch,B1311,RETAIL,16224 Tammy Summit,Sarahland,Wyoming,39730,USA,Other,-3.343168,17.8742,+1-743-622-4176,branch311@novabank.com,2022-08-22,True,2026-06-27 04:30:22.284372,2026-06-27 04:30:22.284374
BR00312,Markchester Branch,B1312,REGIONAL,8147 David Wall,Markchester,North Dakota,28005,USA,Other,-33.883305,148.593854,+1-944-938-3419,branch312@novabank.com,2007-07-14,True,2026-06-27 04:30:22.284600,2026-06-27 04:30:22.284602
BR00313,Sarashire Branch,B1313,RETAIL,9469 Green Ports,Sarashire,New York,68619,USA,East,79.612985,87.222725,+1-349-362-4232,branch313@novabank.com,2015-05-09,True,2026-06-27 04:30:22.284830,2026-06-27 04:30:22.284831
BR00314,Lake Melaniechester Branch,B1314,CORPORATE,343 David Mountain,Lake Melaniechester,Nebraska,06463,USA,Other,-0.398323,7.716936,+1-978-877-2234,branch314@novabank.com,2016-07-28,True,2026-06-27 04:30:22.285036,2026-06-27 04:30:22.285037
BR00315,North Ginamouth Branch,B1315,HEAD_OFFICE,34414 Hunter Islands,North Ginamouth,Montana,95449,USA,Other,62.718713,150.708907,+1-675-872-8354,branch315@novabank.com,2023-10-08,False,2026-06-27 04:30:22.285282,2026-06-27 04:30:22.285283
BR00316,Mcclainside Branch,B1316,REGIONAL,55770 Timothy Road,Mcclainside,Michigan,61117,USA,Other,21.119678,-149.923267,+1-842-423-3473,branch316@novabank.com,2021-07-08,True,2026-06-27 04:30:22.285686,2026-06-27 04:30:22.285704
BR00317,Marymouth Branch,B1317,RETAIL,588 Jared Spur Suite 512,Marymouth,Missouri,82619,USA,Other,53.417862,-90.895811,+1-680-552-5961,branch317@novabank.com,2016-10-05,True,2026-06-27 04:30:22.285918,2026-06-27 04:30:22.285919
BR00318,New Kevin Branch,B1318,RETAIL,91450 Gutierrez Parks Apt. 574,New Kevin,Delaware,49550,USA,Other,-79.961848,-71.499243,+1-560-619-2215,branch318@novabank.com,2022-12-04,True,2026-06-27 04:30:22.286174,2026-06-27 04:30:22.286176
BR00319,East Jenny Branch,B1319,HEAD_OFFICE,078 James Orchard Suite 521,East Jenny,New Jersey,51302,USA,Other,50.215885,-117.811027,+1-662-138-1932,branch319@novabank.com,2006-07-24,True,2026-06-27 04:30:22.286368,2026-06-27 04:30:22.286370
BR00320,Andrewport Branch,B1320,REGIONAL,915 Small Cove,Andrewport,South Dakota,28005,USA,Other,-3.864332,-72.32758,+1-278-760-2479,branch320@novabank.com,2009-12-14,False,2026-06-27 04:30:22.286647,2026-06-27 04:30:22.286649
BR00321,East Amyside Branch,B1321,HEAD_OFFICE,571 Hernandez Harbor Apt. 098,East Amyside,Massachusetts,36028,USA,Other,-52.001129,-27.921813,+1-673-694-1672,branch321@novabank.com,2016-10-26,True,2026-06-27 04:30:22.286867,2026-06-27 04:30:22.286869
BR00322,North Patrickland Branch,B1322,CORPORATE,49587 David Mountains,North Patrickland,Nevada,51870,USA,Other,-41.954619,140.040216,+1-529-719-8792,branch322@novabank.com,2022-07-12,False,2026-06-27 04:30:22.287067,2026-06-27 04:30:22.287068
BR00323,Port Leahmouth Branch,B1323,CORPORATE,545 Jennifer Skyway Apt. 792,Port Leahmouth,Connecticut,60215,USA,Other,-6.679867,165.969604,+1-263-561-2695,branch323@novabank.com,2019-04-09,True,2026-06-27 04:30:22.287267,2026-06-27 04:30:22.287269
BR00324,Johnsonfort Branch,B1324,RETAIL,3329 Durham Lock Apt. 557,Johnsonfort,Delaware,46565,USA,Other,38.48719,67.62724,+1-716-761-3827,branch324@novabank.com,2021-09-16,True,2026-06-27 04:30:22.287504,2026-06-27 04:30:22.287506
BR00325,Amandafurt Branch,B1325,CORPORATE,9928 Richard Station Apt. 581,Amandafurt,Pennsylvania,54691,USA,Other,-25.957934,153.329641,+1-924-548-8199,branch325@novabank.com,2010-11-15,False,2026-06-27 04:30:22.287700,2026-06-27 04:30:22.287701
BR00326,Amybury Branch,B1326,CORPORATE,6153 Mueller Mews,Amybury,Idaho,87350,USA,Other,89.745777,-138.180761,+1-572-481-5634,branch326@novabank.com,2019-10-18,True,2026-06-27 04:30:22.288088,2026-06-27 04:30:22.288089
BR00327,Lake Lisafurt Branch,B1327,HEAD_OFFICE,99758 Lynn Fall Suite 619,Lake Lisafurt,Massachusetts,65289,USA,Other,83.137946,174.423257,+1-993-446-1857,branch327@novabank.com,2007-08-05,True,2026-06-27 04:30:22.288292,2026-06-27 04:30:22.288294
BR00328,Gonzalezmouth Branch,B1328,RETAIL,90227 Price Ports,Gonzalezmouth,Maryland,75248,USA,Other,-8.247948,53.392297,+1-537-196-7333,branch328@novabank.com,2019-05-29,True,2026-06-27 04:30:22.288523,2026-06-27 04:30:22.288525
BR00329,Danielport Branch,B1329,REGIONAL,90986 Melissa Circle Suite 800,Danielport,Alaska,31334,USA,Other,25.887747,136.841819,+1-941-972-3463,branch329@novabank.com,2013-08-01,True,2026-06-27 04:30:22.288719,2026-06-27 04:30:22.288721
BR00330,Bridgesstad Branch,B1330,RETAIL,666 Gardner Shore Apt. 723,Bridgesstad,Nebraska,20721,USA,Other,-12.564191,179.738989,+1-796-779-3317,branch330@novabank.com,2008-09-29,True,2026-06-27 04:30:22.288955,2026-06-27 04:30:22.288956
BR00331,Daltonchester Branch,B1331,REGIONAL,02762 Derrick Valley,Daltonchester,South Carolina,24067,USA,Other,31.975556,93.490051,+1-871-815-7421,branch331@novabank.com,2014-02-13,True,2026-06-27 04:30:22.289164,2026-06-27 04:30:22.289165
BR00332,Arthurton Branch,B1332,RETAIL,5326 Becky Vista Apt. 846,Arthurton,Oregon,63843,USA,Other,8.939566,-119.245343,+1-517-672-7171,branch332@novabank.com,2016-12-06,True,2026-06-27 04:30:22.289361,2026-06-27 04:30:22.289363
BR00333,Lake Cynthiashire Branch,B1333,CORPORATE,84781 John Roads,Lake Cynthiashire,Maryland,80853,USA,Other,-75.833515,4.439947,+1-886-819-9624,branch333@novabank.com,2016-02-12,True,2026-06-27 04:30:22.289558,2026-06-27 04:30:22.289560
BR00334,Keithton Branch,B1334,HEAD_OFFICE,7879 Fisher Union,Keithton,Vermont,78834,USA,Other,-8.376606,122.637502,+1-720-470-1298,branch334@novabank.com,2011-03-05,True,2026-06-27 04:30:22.289767,2026-06-27 04:30:22.289769
BR00335,New Chase Branch,B1335,REGIONAL,290 Lamb Road Apt. 471,New Chase,Louisiana,33537,USA,Other,-54.421898,150.603905,+1-384-319-6598,branch335@novabank.com,2011-07-18,True,2026-06-27 04:30:22.289982,2026-06-27 04:30:22.289984
BR00336,West Traceyberg Branch,B1336,CORPORATE,19292 Wood Extensions Suite 372,West Traceyberg,Rhode Island,20705,USA,Other,43.130102,41.699702,+1-431-240-3538,branch336@novabank.com,2020-05-08,True,2026-06-27 04:30:22.290207,2026-06-27 04:30:22.290208
BR00337,North Garyfurt Branch,B1337,REGIONAL,723 Brown Greens,North Garyfurt,New Mexico,40001,USA,Other,37.846744,105.894945,+1-303-619-9843,branch337@novabank.com,2010-09-10,False,2026-06-27 04:30:22.290418,2026-06-27 04:30:22.290420
BR00338,North Samanthastad Branch,B1338,RETAIL,4286 Keith Union Suite 658,North Samanthastad,Nevada,80518,USA,Other,85.037614,-33.65404,+1-877-444-3147,branch338@novabank.com,2012-07-07,False,2026-06-27 04:30:22.290618,2026-06-27 04:30:22.290619
BR00339,Port Carloschester Branch,B1339,HEAD_OFFICE,49673 April Springs Apt. 580,Port Carloschester,Connecticut,69348,USA,Other,-62.107602,59.413397,+1-357-266-3962,branch339@novabank.com,2012-10-24,False,2026-06-27 04:30:22.290817,2026-06-27 04:30:22.290818
BR00340,Port Cassandrafurt Branch,B1340,CORPORATE,3009 Brian Ranch Apt. 911,Port Cassandrafurt,Texas,85423,USA,South,61.952937,-80.803105,+1-938-548-1715,branch340@novabank.com,2022-08-12,True,2026-06-27 04:30:22.291014,2026-06-27 04:30:22.291016
BR00341,Jonathanland Branch,B1341,REGIONAL,4717 Hammond Square,Jonathanland,Louisiana,08678,USA,Other,12.756825,28.622899,+1-892-836-4891,branch341@novabank.com,2012-06-22,True,2026-06-27 04:30:22.291228,2026-06-27 04:30:22.291230
BR00342,Whitefort Branch,B1342,REGIONAL,4271 Krause Flats,Whitefort,Connecticut,19358,USA,Other,55.124838,51.527502,+1-970-866-8355,branch342@novabank.com,2010-06-01,True,2026-06-27 04:30:22.291456,2026-06-27 04:30:22.291457
BR00343,Smithfort Branch,B1343,CORPORATE,4101 Ashley Glen,Smithfort,Georgia,86073,USA,Other,81.888691,-179.534192,+1-516-928-8684,branch343@novabank.com,2023-04-12,True,2026-06-27 04:30:22.291672,2026-06-27 04:30:22.291673
BR00344,New Jeremiahfurt Branch,B1344,REGIONAL,2569 Zachary Trail Suite 766,New Jeremiahfurt,Vermont,63686,USA,Other,-57.464642,124.536742,+1-894-684-8218,branch344@novabank.com,2016-02-14,True,2026-06-27 04:30:22.291874,2026-06-27 04:30:22.291876
BR00345,New Benjamin Branch,B1345,REGIONAL,4601 Nichols Junctions Apt. 743,New Benjamin,Missouri,87104,USA,Other,-38.72798,-19.545208,+1-996-491-9239,branch345@novabank.com,2019-01-05,False,2026-06-27 04:30:22.292091,2026-06-27 04:30:22.292092
BR00346,East Anthonyshire Branch,B1346,HEAD_OFFICE,571 Moss Dam,East Anthonyshire,Kansas,64625,USA,Other,14.35899,-146.181092,+1-365-936-4271,branch346@novabank.com,2020-10-02,False,2026-06-27 04:30:22.292302,2026-06-27 04:30:22.292303
BR00347,Bentleyside Branch,B1347,CORPORATE,8700 Brown Turnpike Apt. 613,Bentleyside,Georgia,97632,USA,Other,65.51693,-54.916777,+1-456-153-8873,branch347@novabank.com,2023-02-18,True,2026-06-27 04:30:22.292668,2026-06-27 04:30:22.292669
BR00348,East Jacquelineberg Branch,B1348,RETAIL,270 Meadows River,East Jacquelineberg,Alabama,23078,USA,Other,79.828767,-153.179008,+1-928-966-9452,branch348@novabank.com,2022-10-08,True,2026-06-27 04:30:22.292878,2026-06-27 04:30:22.292880
BR00349,North Linda Branch,B1349,REGIONAL,9291 Danny Ranch,North Linda,Nevada,44717,USA,Other,17.913365,-5.927689,+1-285-881-3626,branch349@novabank.com,2008-08-29,True,2026-06-27 04:30:22.293067,2026-06-27 04:30:22.293068
BR00350,Port Robert Branch,B1350,HEAD_OFFICE,3092 Brown Harbor,Port Robert,Vermont,48988,USA,Other,58.554257,-91.413011,+1-725-250-8167,branch350@novabank.com,2014-05-20,True,2026-06-27 04:30:22.293275,2026-06-27 04:30:22.293277
BR00351,North Jasmine Branch,B1351,CORPORATE,19620 Miller Avenue,North Jasmine,Pennsylvania,37690,USA,Other,21.728807,75.557248,+1-661-457-1436,branch351@novabank.com,2018-12-12,True,2026-06-27 04:30:22.293484,2026-06-27 04:30:22.293486
BR00352,Lake Vincent Branch,B1352,RETAIL,48763 Cheryl Camp,Lake Vincent,Colorado,82708,USA,Other,-9.147304,6.75246,+1-605-614-7126,branch352@novabank.com,2014-01-09,True,2026-06-27 04:30:22.293672,2026-06-27 04:30:22.293674
BR00353,West Brian Branch,B1353,HEAD_OFFICE,18195 Steven Road,West Brian,Delaware,20059,USA,Other,37.349227,87.101246,+1-283-483-4678,branch353@novabank.com,2009-08-29,True,2026-06-27 04:30:22.293859,2026-06-27 04:30:22.293861
BR00354,Williamston Branch,B1354,REGIONAL,54364 Jensen Trace,Williamston,Ohio,23554,USA,Other,-47.574954,-164.395727,+1-301-959-6493,branch354@novabank.com,2015-03-21,True,2026-06-27 04:30:22.294103,2026-06-27 04:30:22.294105
BR00355,Jerryville Branch,B1355,CORPORATE,37995 Gonzalez Springs,Jerryville,Massachusetts,30356,USA,Other,-63.676108,-52.698049,+1-239-393-8740,branch355@novabank.com,2019-10-07,True,2026-06-27 04:30:22.294422,2026-06-27 04:30:22.294423
BR00356,East Sarah Branch,B1356,HEAD_OFFICE,3179 Brown Mews,East Sarah,New Jersey,23839,USA,Other,13.973187,20.513276,+1-659-730-1086,branch356@novabank.com,2008-12-09,True,2026-06-27 04:30:22.294637,2026-06-27 04:30:22.294639
BR00357,West Derekmouth Branch,B1357,RETAIL,543 Martinez Square,West Derekmouth,New Jersey,55318,USA,Other,-44.043497,4.455964,+1-462-320-3449,branch357@novabank.com,2010-06-11,False,2026-06-27 04:30:22.294848,2026-06-27 04:30:22.294849
BR00358,Ramirezchester Branch,B1358,HEAD_OFFICE,292 Christopher Walks Suite 397,Ramirezchester,West Virginia,32830,USA,Other,-23.473253,-4.284327,+1-313-894-5720,branch358@novabank.com,2014-04-21,True,2026-06-27 04:30:22.295064,2026-06-27 04:30:22.295066
BR00359,Quinnhaven Branch,B1359,REGIONAL,290 Baird Canyon,Quinnhaven,Arizona,56298,USA,Other,52.571903,31.699023,+1-324-148-4906,branch359@novabank.com,2015-02-11,True,2026-06-27 04:30:22.295292,2026-06-27 04:30:22.295294
BR00360,East Michael Branch,B1360,HEAD_OFFICE,7318 Heather Lodge,East Michael,Kansas,85388,USA,Other,-65.644983,-171.44756,+1-264-213-9189,branch360@novabank.com,2015-02-14,False,2026-06-27 04:30:22.295484,2026-06-27 04:30:22.295486
BR00361,Port Courtneyfurt Branch,B1361,RETAIL,79907 Ingram Well Suite 257,Port Courtneyfurt,Vermont,44135,USA,Other,52.517842,-162.43671,+1-847-627-4963,branch361@novabank.com,2011-10-29,True,2026-06-27 04:30:22.295706,2026-06-27 04:30:22.295707
BR00362,North Patrickmouth Branch,B1362,REGIONAL,989 Kristin Common Suite 085,North Patrickmouth,South Carolina,05858,USA,Other,8.132257,16.727219,+1-639-101-6780,branch362@novabank.com,2009-08-22,True,2026-06-27 04:30:22.295906,2026-06-27 04:30:22.295907
BR00363,Mclaughlinshire Branch,B1363,HEAD_OFFICE,325 Amber Run,Mclaughlinshire,Vermont,27999,USA,Other,-29.484655,-7.952299,+1-391-780-2402,branch363@novabank.com,2012-11-01,False,2026-06-27 04:30:22.296115,2026-06-27 04:30:22.296116
BR00364,Mckinneyside Branch,B1364,REGIONAL,640 Nathan Mission Suite 881,Mckinneyside,Maine,59742,USA,Other,76.685338,17.646796,+1-269-638-9914,branch364@novabank.com,2020-11-19,False,2026-06-27 04:30:22.296335,2026-06-27 04:30:22.296336
BR00365,East Joshuaberg Branch,B1365,RETAIL,71162 Mullen Club,East Joshuaberg,New York,20227,USA,East,-35.170405,99.542047,+1-599-994-8702,branch365@novabank.com,2023-08-16,True,2026-06-27 04:30:22.296549,2026-06-27 04:30:22.296551
BR00366,West Jaimetown Branch,B1366,HEAD_OFFICE,6827 Fisher Street,West Jaimetown,Iowa,68608,USA,Other,83.052831,0.322789,+1-582-359-1266,branch366@novabank.com,2013-11-23,True,2026-06-27 04:30:22.296768,2026-06-27 04:30:22.296769
BR00367,South Nathan Branch,B1367,RETAIL,579 Ellis Port Apt. 424,South Nathan,Maine,06703,USA,Other,-50.180732,9.580339,+1-553-346-2698,branch367@novabank.com,2011-08-09,False,2026-06-27 04:30:22.296988,2026-06-27 04:30:22.296990
BR00368,East John Branch,B1368,REGIONAL,284 Teresa Villages,East John,Arizona,42001,USA,Other,64.222926,-112.100049,+1-336-145-6772,branch368@novabank.com,2014-06-03,False,2026-06-27 04:30:22.297175,2026-06-27 04:30:22.297177
BR00369,South Sarahberg Branch,B1369,REGIONAL,38055 Nathan Plains Apt. 841,South Sarahberg,New Jersey,42472,USA,Other,-48.109769,-177.694515,+1-858-279-8612,branch369@novabank.com,2023-12-13,True,2026-06-27 04:30:22.297374,2026-06-27 04:30:22.297375
BR00370,East Ericaville Branch,B1370,CORPORATE,474 Lauren Stream Suite 517,East Ericaville,Maryland,03751,USA,Other,17.811711,151.529593,+1-338-164-8498,branch370@novabank.com,2021-08-15,True,2026-06-27 04:30:22.297570,2026-06-27 04:30:22.297572
BR00371,Rhodesland Branch,B1371,REGIONAL,1509 Brandy Forges Suite 301,Rhodesland,North Carolina,52198,USA,Other,-37.802716,83.316586,+1-406-144-4268,branch371@novabank.com,2012-03-16,True,2026-06-27 04:30:22.297787,2026-06-27 04:30:22.297788
BR00372,West Michaelport Branch,B1372,REGIONAL,562 Wood Landing,West Michaelport,New Hampshire,74036,USA,Other,-66.485421,-64.199545,+1-517-627-7524,branch372@novabank.com,2019-08-03,False,2026-06-27 04:30:22.297998,2026-06-27 04:30:22.297999
BR00373,East Jaredfort Branch,B1373,HEAD_OFFICE,674 Linda Manors Suite 299,East Jaredfort,North Dakota,44464,USA,Other,-72.252182,137.118313,+1-459-137-4131,branch373@novabank.com,2020-02-05,True,2026-06-27 04:30:22.298195,2026-06-27 04:30:22.298196
BR00374,East Jacob Branch,B1374,REGIONAL,64628 Page Throughway,East Jacob,Missouri,38441,USA,Other,58.67752,83.381151,+1-999-148-6438,branch374@novabank.com,2007-03-31,True,2026-06-27 04:30:22.298409,2026-06-27 04:30:22.298410
BR00375,Martinezport Branch,B1375,RETAIL,478 Walker Turnpike Apt. 244,Martinezport,Nebraska,24011,USA,Other,42.039776,166.166764,+1-576-547-7553,branch375@novabank.com,2010-11-22,True,2026-06-27 04:30:22.298649,2026-06-27 04:30:22.298650
BR00376,Courtneyfort Branch,B1376,HEAD_OFFICE,7195 Cunningham Ways,Courtneyfort,Vermont,16175,USA,Other,10.180708,95.160228,+1-547-291-9129,branch376@novabank.com,2019-09-05,True,2026-06-27 04:30:22.298863,2026-06-27 04:30:22.298865
BR00377,West Frank Branch,B1377,REGIONAL,2902 Murray Square,West Frank,Louisiana,47839,USA,Other,22.612433,161.582579,+1-731-373-2353,branch377@novabank.com,2022-11-26,True,2026-06-27 04:30:22.299075,2026-06-27 04:30:22.299077
BR00378,Moniqueport Branch,B1378,RETAIL,44818 Katie Falls Apt. 928,Moniqueport,Louisiana,90343,USA,Other,7.313942,-128.549831,+1-640-716-3956,branch378@novabank.com,2016-02-08,False,2026-06-27 04:30:22.299274,2026-06-27 04:30:22.299275
BR00379,Port Jacob Branch,B1379,REGIONAL,02845 Jenkins Estates Apt. 328,Port Jacob,Oklahoma,80904,USA,Other,51.103856,105.666679,+1-528-205-2311,branch379@novabank.com,2019-04-24,True,2026-06-27 04:30:22.299490,2026-06-27 04:30:22.299492
BR00380,Donmouth Branch,B1380,REGIONAL,7112 Timothy Inlet,Donmouth,Rhode Island,69067,USA,Other,1.817041,-87.546987,+1-513-556-7981,branch380@novabank.com,2019-04-07,True,2026-06-27 04:30:22.299679,2026-06-27 04:30:22.299680
BR00381,East David Branch,B1381,HEAD_OFFICE,132 Hailey Inlet,East David,Colorado,56181,USA,Other,-60.009802,-138.266177,+1-559-557-1693,branch381@novabank.com,2006-10-28,True,2026-06-27 04:30:22.299865,2026-06-27 04:30:22.299866
BR00382,Port Davidborough Branch,B1382,HEAD_OFFICE,0310 Taylor Glen Apt. 140,Port Davidborough,Pennsylvania,26718,USA,Other,-40.398007,8.7282,+1-481-754-1939,branch382@novabank.com,2007-01-05,True,2026-06-27 04:30:22.300062,2026-06-27 04:30:22.300063
BR00383,New Ashley Branch,B1383,HEAD_OFFICE,495 Martin Parkway,New Ashley,Connecticut,76278,USA,Other,-86.246116,103.918139,+1-572-625-3621,branch383@novabank.com,2010-05-23,True,2026-06-27 04:30:22.300449,2026-06-27 04:30:22.300451
BR00384,Richardsonshire Branch,B1384,CORPORATE,2801 Samantha Vista,Richardsonshire,Idaho,58128,USA,Other,-61.190297,-82.907684,+1-822-794-8179,branch384@novabank.com,2021-07-06,True,2026-06-27 04:30:22.300659,2026-06-27 04:30:22.300661
BR00385,South Kathryn Branch,B1385,CORPORATE,3836 Kathleen Island Apt. 718,South Kathryn,Virginia,38285,USA,Other,59.554015,-158.198444,+1-268-341-7001,branch385@novabank.com,2007-12-19,True,2026-06-27 04:30:22.300860,2026-06-27 04:30:22.300861
BR00386,Crosbystad Branch,B1386,HEAD_OFFICE,64794 Perez Lodge Suite 631,Crosbystad,Idaho,02176,USA,Other,41.975855,-123.536274,+1-780-133-3513,branch386@novabank.com,2013-08-15,True,2026-06-27 04:30:22.301103,2026-06-27 04:30:22.301104
BR00387,Jamesfurt Branch,B1387,REGIONAL,26691 Calvin Flat,Jamesfurt,Delaware,31023,USA,Other,24.005667,87.9577,+1-580-554-2259,branch387@novabank.com,2011-07-02,False,2026-06-27 04:30:22.301292,2026-06-27 04:30:22.301294
BR00388,West Tracybury Branch,B1388,CORPORATE,657 Archer Pass Suite 271,West Tracybury,South Dakota,18144,USA,Other,-82.021154,-126.525839,+1-742-475-7521,branch388@novabank.com,2019-10-07,True,2026-06-27 04:30:22.301510,2026-06-27 04:30:22.301512
BR00389,Port Charleshaven Branch,B1389,REGIONAL,0269 Hernandez Road,Port Charleshaven,Wyoming,65013,USA,Other,35.096783,-71.588716,+1-455-216-1424,branch389@novabank.com,2011-10-09,True,2026-06-27 04:30:22.301722,2026-06-27 04:30:22.301723
BR00390,Melissamouth Branch,B1390,HEAD_OFFICE,8485 Stephanie Bypass Suite 167,Melissamouth,New Jersey,05217,USA,Other,-81.179265,-85.044087,+1-730-496-2929,branch390@novabank.com,2016-07-03,True,2026-06-27 04:30:22.301921,2026-06-27 04:30:22.301923
BR00391,Alvarezburgh Branch,B1391,REGIONAL,276 Larry Loaf Suite 197,Alvarezburgh,North Carolina,07806,USA,Other,15.061564,-38.593041,+1-920-556-4515,branch391@novabank.com,2015-05-23,False,2026-06-27 04:30:22.302139,2026-06-27 04:30:22.302140
BR00392,Port Patriciamouth Branch,B1392,REGIONAL,545 Anthony Cape Apt. 559,Port Patriciamouth,Missouri,13260,USA,Other,24.930155,5.29725,+1-910-602-4279,branch392@novabank.com,2024-05-04,True,2026-06-27 04:30:22.302340,2026-06-27 04:30:22.302342
BR00393,North Amanda Branch,B1393,CORPORATE,0333 Watkins Spurs Apt. 415,North Amanda,Arizona,60913,USA,Other,86.568195,46.813485,+1-275-562-3828,branch393@novabank.com,2016-09-16,True,2026-06-27 04:30:22.302558,2026-06-27 04:30:22.302560
BR00394,Lake Emilymouth Branch,B1394,RETAIL,0790 Gray Loaf Suite 917,Lake Emilymouth,New York,66399,USA,East,89.150484,2.288842,+1-898-965-6236,branch394@novabank.com,2009-06-26,True,2026-06-27 04:30:22.302830,2026-06-27 04:30:22.302832
BR00395,Lake Meganville Branch,B1395,RETAIL,6371 Karl Causeway Suite 963,Lake Meganville,Pennsylvania,44651,USA,Other,-16.619159,-143.884815,+1-763-655-5757,branch395@novabank.com,2016-09-06,True,2026-06-27 04:30:22.303031,2026-06-27 04:30:22.303033
BR00396,Colleenmouth Branch,B1396,CORPORATE,3514 Reynolds Plains Suite 366,Colleenmouth,Texas,72271,USA,South,-41.52033,-170.012419,+1-928-826-3852,branch396@novabank.com,2017-10-14,True,2026-06-27 04:30:22.303254,2026-06-27 04:30:22.303255
BR00397,Michaelton Branch,B1397,CORPORATE,737 Giles Place,Michaelton,North Dakota,26800,USA,Other,7.784236,68.295648,+1-324-305-3275,branch397@novabank.com,2009-02-22,True,2026-06-27 04:30:22.303487,2026-06-27 04:30:22.303489
BR00398,Port Robert Branch,B1398,HEAD_OFFICE,466 Dalton Circles,Port Robert,Maine,85179,USA,Other,-46.893478,-42.321262,+1-226-469-7044,branch398@novabank.com,2018-11-06,True,2026-06-27 04:30:22.303696,2026-06-27 04:30:22.303698
BR00399,Stevenside Branch,B1399,CORPORATE,3123 John Views,Stevenside,Nevada,55815,USA,Other,83.656814,-160.133772,+1-826-188-2077,branch399@novabank.com,2010-02-14,True,2026-06-27 04:30:22.303885,2026-06-27 04:30:22.303887
BR00400,Michellechester Branch,B1400,HEAD_OFFICE,04482 Tamara Oval Apt. 015,Michellechester,Mississippi,88538,USA,Other,86.477682,-131.517179,+1-934-836-8842,branch400@novabank.com,2013-08-18,False,2026-06-27 04:30:22.304081,2026-06-27 04:30:22.304082
BR00401,New David Branch,B1401,HEAD_OFFICE,19818 Crawford Course,New David,Massachusetts,43661,USA,Other,66.853874,29.353169,+1-987-519-2208,branch401@novabank.com,2020-12-28,True,2026-06-27 04:30:22.304290,2026-06-27 04:30:22.304291
BR00402,Kingshire Branch,B1402,REGIONAL,3212 Tara Mill,Kingshire,Arkansas,64773,USA,Other,53.202255,21.168205,+1-857-175-8372,branch402@novabank.com,2019-01-29,True,2026-06-27 04:30:22.304589,2026-06-27 04:30:22.304591
BR00403,Thomasstad Branch,B1403,REGIONAL,8673 Suarez Drive,Thomasstad,Maryland,03263,USA,Other,83.247594,145.244311,+1-331-999-3981,branch403@novabank.com,2007-02-11,True,2026-06-27 04:30:22.304832,2026-06-27 04:30:22.304834
BR00404,Rebeccaville Branch,B1404,HEAD_OFFICE,348 Parker Squares,Rebeccaville,Ohio,31484,USA,Other,28.756598,28.55879,+1-714-989-1907,branch404@novabank.com,2006-08-17,True,2026-06-27 04:30:22.305040,2026-06-27 04:30:22.305041
BR00405,Michellefort Branch,B1405,CORPORATE,4134 Michele Estates Suite 560,Michellefort,New Mexico,97093,USA,Other,20.853459,-1.371124,+1-511-268-3653,branch405@novabank.com,2019-05-26,True,2026-06-27 04:30:22.305236,2026-06-27 04:30:22.305238
BR00406,Lake Darlenemouth Branch,B1406,CORPORATE,48156 Chavez Burgs,Lake Darlenemouth,Tennessee,18338,USA,Other,-89.174345,35.103692,+1-554-631-5653,branch406@novabank.com,2010-02-01,True,2026-06-27 04:30:22.305452,2026-06-27 04:30:22.305454
BR00407,Mendozaberg Branch,B1407,REGIONAL,9112 Zachary Trafficway Apt. 965,Mendozaberg,Kentucky,23239,USA,Other,69.187704,-4.131595,+1-401-750-5496,branch407@novabank.com,2020-11-16,True,2026-06-27 04:30:22.305680,2026-06-27 04:30:22.305682
BR00408,North Terri Branch,B1408,REGIONAL,65266 Andrew Brooks,North Terri,Illinois,34813,USA,Midwest,-44.699917,-153.272975,+1-829-646-2530,branch408@novabank.com,2013-09-14,False,2026-06-27 04:30:22.305870,2026-06-27 04:30:22.305872
BR00409,Wilcoxfort Branch,B1409,CORPORATE,421 Jackson Port Apt. 086,Wilcoxfort,Delaware,29924,USA,Other,-35.468581,-77.702381,+1-806-694-3526,branch409@novabank.com,2023-07-07,True,2026-06-27 04:30:22.306107,2026-06-27 04:30:22.306108
BR00410,Sparkstown Branch,B1410,REGIONAL,7626 Carol View Suite 362,Sparkstown,Maine,34815,USA,Other,-26.787309,151.614552,+1-777-142-1464,branch410@novabank.com,2014-08-09,True,2026-06-27 04:30:22.306324,2026-06-27 04:30:22.306326
BR00411,Mcdanielfurt Branch,B1411,RETAIL,9710 Anderson Islands,Mcdanielfurt,Virginia,55982,USA,Other,70.308565,-42.439931,+1-856-889-5336,branch411@novabank.com,2007-10-20,True,2026-06-27 04:30:22.306556,2026-06-27 04:30:22.306558
BR00412,Turnerfurt Branch,B1412,HEAD_OFFICE,53759 Adam Parkways,Turnerfurt,Texas,49115,USA,South,-54.502565,120.411698,+1-832-754-1496,branch412@novabank.com,2007-03-24,True,2026-06-27 04:30:22.306770,2026-06-27 04:30:22.306771
BR00413,Thomasville Branch,B1413,REGIONAL,2875 Anderson Island,Thomasville,Massachusetts,06289,USA,Other,-55.674758,88.011658,+1-857-409-8912,branch413@novabank.com,2022-03-05,True,2026-06-27 04:30:22.307080,2026-06-27 04:30:22.307081
BR00414,West Jillian Branch,B1414,HEAD_OFFICE,564 Austin Trace Suite 856,West Jillian,New York,20327,USA,East,59.162793,172.949393,+1-504-564-2195,branch414@novabank.com,2017-12-11,True,2026-06-27 04:30:22.307300,2026-06-27 04:30:22.307301
BR00415,South Michaelside Branch,B1415,CORPORATE,32032 Thomas Estates Suite 617,South Michaelside,New York,60500,USA,East,42.335606,-119.60692,+1-650-525-8933,branch415@novabank.com,2021-09-16,True,2026-06-27 04:30:22.307500,2026-06-27 04:30:22.307501
BR00416,Annashire Branch,B1416,CORPORATE,51342 Karen View,Annashire,Indiana,76987,USA,Other,-88.89251,102.402371,+1-548-721-3353,branch416@novabank.com,2020-04-15,True,2026-06-27 04:30:22.307694,2026-06-27 04:30:22.307696
BR00417,South Nathanielville Branch,B1417,REGIONAL,1371 Johnson Springs,South Nathanielville,Massachusetts,20656,USA,Other,-82.249059,-136.479507,+1-951-981-6658,branch417@novabank.com,2014-10-08,True,2026-06-27 04:30:22.307907,2026-06-27 04:30:22.307909
BR00418,Port Dawnmouth Branch,B1418,CORPORATE,4905 Diana Mission Suite 923,Port Dawnmouth,Arkansas,97992,USA,Other,-71.015147,113.752257,+1-978-479-9437,branch418@novabank.com,2023-08-15,False,2026-06-27 04:30:22.308115,2026-06-27 04:30:22.308116
BR00419,North Kenneth Branch,B1419,RETAIL,64236 Andrew Fords Apt. 664,North Kenneth,Nevada,96955,USA,Other,-6.757815,144.0089,+1-526-347-8642,branch419@novabank.com,2008-11-06,True,2026-06-27 04:30:22.308313,2026-06-27 04:30:22.308314
BR00420,Davischester Branch,B1420,REGIONAL,8377 Alvarez Port,Davischester,Mississippi,80961,USA,Other,-39.975488,53.058841,+1-660-353-3308,branch420@novabank.com,2017-11-02,True,2026-06-27 04:30:22.308546,2026-06-27 04:30:22.308548
BR00421,West Taylorland Branch,B1421,RETAIL,85732 Rose Rue,West Taylorland,New Mexico,39874,USA,Other,-50.108738,-111.393401,+1-497-493-7850,branch421@novabank.com,2018-10-21,True,2026-06-27 04:30:22.308763,2026-06-27 04:30:22.308765
BR00422,South Donnashire Branch,B1422,CORPORATE,86490 Samantha Passage Apt. 866,South Donnashire,Kentucky,47091,USA,Other,-21.586485,134.374364,+1-535-691-6123,branch422@novabank.com,2007-12-16,True,2026-06-27 04:30:22.308963,2026-06-27 04:30:22.308965
BR00423,Leemouth Branch,B1423,CORPORATE,72260 Robert Squares,Leemouth,Wisconsin,88353,USA,Other,30.781971,154.905654,+1-710-627-8648,branch423@novabank.com,2021-01-10,True,2026-06-27 04:30:22.309152,2026-06-27 04:30:22.309154
BR00424,Lake Thomas Branch,B1424,REGIONAL,32194 Ryan Brook Apt. 610,Lake Thomas,Vermont,53597,USA,Other,86.554587,143.135856,+1-709-123-2475,branch424@novabank.com,2019-07-21,True,2026-06-27 04:30:22.309350,2026-06-27 04:30:22.309351
BR00425,Port Anthony Branch,B1425,HEAD_OFFICE,956 Miller Dale Apt. 310,Port Anthony,New Mexico,85517,USA,Other,-51.035469,168.826413,+1-446-320-6781,branch425@novabank.com,2010-11-02,True,2026-06-27 04:30:22.309578,2026-06-27 04:30:22.309580
BR00426,Maynardfort Branch,B1426,RETAIL,47276 Darren Drives,Maynardfort,Alaska,59419,USA,Other,67.09548,-49.739198,+1-488-606-8710,branch426@novabank.com,2010-02-09,True,2026-06-27 04:30:22.309792,2026-06-27 04:30:22.309794
BR00427,Palmerfort Branch,B1427,RETAIL,50166 Mclaughlin Ranch Suite 076,Palmerfort,Iowa,94124,USA,Other,-73.704711,103.633632,+1-310-541-3194,branch427@novabank.com,2006-10-30,True,2026-06-27 04:30:22.310036,2026-06-27 04:30:22.310037
BR00428,West Jessica Branch,B1428,REGIONAL,146 Wilson Road Suite 760,West Jessica,New Mexico,45569,USA,Other,27.604443,-55.390591,+1-982-512-6995,branch428@novabank.com,2015-08-16,True,2026-06-27 04:30:22.310297,2026-06-27 04:30:22.310299
BR00429,West Hannah Branch,B1429,HEAD_OFFICE,724 Moyer Village Suite 729,West Hannah,Colorado,87933,USA,Other,39.624735,-110.691813,+1-252-683-4189,branch429@novabank.com,2009-08-09,True,2026-06-27 04:30:22.310517,2026-06-27 04:30:22.310519
BR00430,North Michaelview Branch,B1430,REGIONAL,716 Torres Fords,North Michaelview,Minnesota,89227,USA,Other,-47.424669,-86.200712,+1-275-495-9261,branch430@novabank.com,2021-05-22,True,2026-06-27 04:30:22.310727,2026-06-27 04:30:22.310729
BR00431,Victoriastad Branch,B1431,REGIONAL,56193 Anna Oval,Victoriastad,Wyoming,06618,USA,Other,59.524549,-36.391739,+1-838-796-2946,branch431@novabank.com,2022-08-14,True,2026-06-27 04:30:22.310917,2026-06-27 04:30:22.310919
BR00432,Port Annahaven Branch,B1432,RETAIL,077 Theresa Tunnel,Port Annahaven,Connecticut,22396,USA,Other,79.094504,-116.61737,+1-603-482-6555,branch432@novabank.com,2022-02-28,False,2026-06-27 04:30:22.311107,2026-06-27 04:30:22.311109
BR00433,Hammondtown Branch,B1433,REGIONAL,47871 Deborah Isle Apt. 137,Hammondtown,Kansas,62585,USA,Other,1.622409,-26.04781,+1-973-247-4261,branch433@novabank.com,2015-07-30,False,2026-06-27 04:30:22.311324,2026-06-27 04:30:22.311325
BR00434,Cobbberg Branch,B1434,HEAD_OFFICE,5653 Karen Pines,Cobbberg,Nevada,54687,USA,Other,19.873134,66.291174,+1-712-141-1742,branch434@novabank.com,2023-08-14,True,2026-06-27 04:30:22.311532,2026-06-27 04:30:22.311533
BR00435,Lake Sandraberg Branch,B1435,CORPORATE,72081 Matthew Locks Apt. 606,Lake Sandraberg,Oregon,08078,USA,Other,79.545863,174.528949,+1-930-441-8761,branch435@novabank.com,2022-04-02,False,2026-06-27 04:30:22.311732,2026-06-27 04:30:22.311734
BR00436,Terryfurt Branch,B1436,HEAD_OFFICE,6845 Smith Harbors Apt. 673,Terryfurt,Wyoming,26360,USA,Other,-9.058277,-134.752024,+1-352-720-9446,branch436@novabank.com,2007-02-25,True,2026-06-27 04:30:22.311973,2026-06-27 04:30:22.311974
BR00437,North Pamelaside Branch,B1437,REGIONAL,2884 Christopher Plaza Suite 852,North Pamelaside,Pennsylvania,34408,USA,Other,-25.215847,-16.822334,+1-827-426-3662,branch437@novabank.com,2019-07-25,True,2026-06-27 04:30:22.312171,2026-06-27 04:30:22.312173
BR00438,South Kennethtown Branch,B1438,REGIONAL,054 Martinez Throughway,South Kennethtown,New Jersey,44931,USA,Other,-26.623107,132.240805,+1-807-444-9311,branch438@novabank.com,2016-08-31,False,2026-06-27 04:30:22.312384,2026-06-27 04:30:22.312386
BR00439,West Zacharyborough Branch,B1439,HEAD_OFFICE,4492 Stone Gateway,West Zacharyborough,Wyoming,47853,USA,Other,31.952803,-127.393181,+1-925-676-5911,branch439@novabank.com,2009-02-14,True,2026-06-27 04:30:22.312595,2026-06-27 04:30:22.312597
BR00440,Wigginsshire Branch,B1440,RETAIL,1106 Thomas Mission Apt. 586,Wigginsshire,New York,83923,USA,East,23.66153,56.266126,+1-577-439-2795,branch440@novabank.com,2018-11-21,True,2026-06-27 04:30:22.312816,2026-06-27 04:30:22.312817
BR00441,South Thomas Branch,B1441,REGIONAL,622 Todd Mount Apt. 881,South Thomas,West Virginia,21058,USA,Other,60.062584,18.283639,+1-942-993-1436,branch441@novabank.com,2023-01-28,False,2026-06-27 04:30:22.313010,2026-06-27 04:30:22.313016
BR00442,North Nathan Branch,B1442,HEAD_OFFICE,611 Armstrong Canyon,North Nathan,Mississippi,40249,USA,Other,-11.084997,80.879289,+1-471-771-4728,branch442@novabank.com,2006-12-28,True,2026-06-27 04:30:22.313283,2026-06-27 04:30:22.313285
BR00443,Smithside Branch,B1443,HEAD_OFFICE,96044 Isaac Streets,Smithside,Minnesota,09356,USA,Other,-78.005639,44.183952,+1-374-636-7229,branch443@novabank.com,2015-02-23,True,2026-06-27 04:30:22.313493,2026-06-27 04:30:22.313495
BR00444,Contrerasberg Branch,B1444,CORPORATE,756 Davenport Village Apt. 287,Contrerasberg,Washington,43127,USA,West,-66.024693,155.421068,+1-232-686-2800,branch444@novabank.com,2018-06-12,True,2026-06-27 04:30:22.313729,2026-06-27 04:30:22.313730
BR00445,Annville Branch,B1445,RETAIL,3658 Susan Mills Suite 120,Annville,Tennessee,73816,USA,Other,-67.142174,-76.691688,+1-651-421-7861,branch445@novabank.com,2023-09-05,True,2026-06-27 04:30:22.313927,2026-06-27 04:30:22.313929
BR00446,North Joshua Branch,B1446,HEAD_OFFICE,837 David Place,North Joshua,Indiana,32651,USA,Other,65.572506,58.493881,+1-907-308-7723,branch446@novabank.com,2008-01-04,False,2026-06-27 04:30:22.314118,2026-06-27 04:30:22.314120
BR00447,Christopherville Branch,B1447,HEAD_OFFICE,9070 Kim Mall Apt. 856,Christopherville,Ohio,22541,USA,Other,-13.401479,-102.672199,+1-953-844-2020,branch447@novabank.com,2009-10-10,True,2026-06-27 04:30:22.314336,2026-06-27 04:30:22.314338
BR00448,West Petermouth Branch,B1448,CORPORATE,46209 White Station,West Petermouth,Georgia,54610,USA,Other,-2.968449,-41.522582,+1-774-432-8837,branch448@novabank.com,2013-03-30,False,2026-06-27 04:30:22.314679,2026-06-27 04:30:22.314681
BR00449,Averyview Branch,B1449,HEAD_OFFICE,33993 Romero Parkways,Averyview,Arkansas,42225,USA,Other,34.775117,116.954623,+1-521-277-8531,branch449@novabank.com,2013-10-24,False,2026-06-27 04:30:22.314907,2026-06-27 04:30:22.314908
BR00450,Millerhaven Branch,B1450,REGIONAL,63048 John Point Apt. 496,Millerhaven,Indiana,19161,USA,Other,10.208357,110.146382,+1-759-462-5331,branch450@novabank.com,2024-03-21,False,2026-06-27 04:30:22.315122,2026-06-27 04:30:22.315124
BR00451,Deniseburgh Branch,B1451,HEAD_OFFICE,687 Aaron Mountain,Deniseburgh,Alabama,08388,USA,Other,39.435889,-33.271603,+1-396-352-5571,branch451@novabank.com,2017-03-31,False,2026-06-27 04:30:22.315314,2026-06-27 04:30:22.315316
BR00452,Port Donaldside Branch,B1452,REGIONAL,3984 Evan Place Apt. 416,Port Donaldside,Louisiana,57119,USA,Other,-33.400337,147.73033,+1-430-404-5735,branch452@novabank.com,2015-07-29,True,2026-06-27 04:30:22.315513,2026-06-27 04:30:22.315514
BR00453,Allenberg Branch,B1453,HEAD_OFFICE,547 Sanchez Islands Suite 379,Allenberg,Tennessee,00769,USA,Other,73.419949,75.834534,+1-524-591-6714,branch453@novabank.com,2006-07-25,False,2026-06-27 04:30:22.315729,2026-06-27 04:30:22.315730
BR00454,Port Nancyland Branch,B1454,REGIONAL,268 Farmer Plain,Port Nancyland,Ohio,04557,USA,Other,29.50123,-113.741759,+1-494-224-9899,branch454@novabank.com,2012-11-02,True,2026-06-27 04:30:22.315940,2026-06-27 04:30:22.315942
BR00455,Port Juanstad Branch,B1455,HEAD_OFFICE,562 David Land Apt. 703,Port Juanstad,Illinois,12293,USA,Midwest,74.669774,155.671322,+1-553-891-3399,branch455@novabank.com,2011-12-11,True,2026-06-27 04:30:22.316138,2026-06-27 04:30:22.316139
BR00456,Rodriguezview Branch,B1456,RETAIL,75047 Adrian View,Rodriguezview,Oregon,66079,USA,Other,42.610155,-88.475807,+1-494-831-2294,branch456@novabank.com,2016-06-01,True,2026-06-27 04:30:22.316351,2026-06-27 04:30:22.316353
BR00457,Jamestown Branch,B1457,HEAD_OFFICE,92124 Nicole Stream,Jamestown,Vermont,89333,USA,Other,53.060398,149.883851,+1-871-362-8849,branch457@novabank.com,2011-01-14,True,2026-06-27 04:30:22.316540,2026-06-27 04:30:22.316542
BR00458,Lake Jeffreyview Branch,B1458,CORPORATE,60566 Martinez Path Suite 758,Lake Jeffreyview,Nebraska,70285,USA,Other,30.490341,-10.218885,+1-751-377-5450,branch458@novabank.com,2006-07-31,True,2026-06-27 04:30:22.316768,2026-06-27 04:30:22.316769
BR00459,East Mark Branch,B1459,RETAIL,1903 Rosario Gateway,East Mark,California,82551,USA,West,77.851268,-128.070571,+1-830-858-4920,branch459@novabank.com,2006-12-27,True,2026-06-27 04:30:22.316987,2026-06-27 04:30:22.316989
BR00460,Port Carolmouth Branch,B1460,RETAIL,95431 Allen Junctions Apt. 583,Port Carolmouth,Wisconsin,13040,USA,Other,77.865779,59.689343,+1-885-643-4697,branch460@novabank.com,2016-11-27,True,2026-06-27 04:30:22.317208,2026-06-27 04:30:22.317210
BR00461,West Cherylchester Branch,B1461,RETAIL,06512 Samantha Mills,West Cherylchester,California,13847,USA,West,-75.023997,120.249381,+1-302-523-6411,branch461@novabank.com,2007-06-05,True,2026-06-27 04:30:22.317405,2026-06-27 04:30:22.317407
BR00462,Debratown Branch,B1462,RETAIL,1963 Shawn Mountain Suite 991,Debratown,New Jersey,68293,USA,Other,-1.901182,135.579895,+1-897-889-3252,branch462@novabank.com,2009-12-13,True,2026-06-27 04:30:22.317606,2026-06-27 04:30:22.317607
BR00463,Robertmouth Branch,B1463,CORPORATE,91939 Dana Glens,Robertmouth,Idaho,32371,USA,Other,-53.043765,-156.339674,+1-616-768-8793,branch463@novabank.com,2007-07-29,True,2026-06-27 04:30:22.317798,2026-06-27 04:30:22.317800
BR00464,Kellytown Branch,B1464,CORPORATE,685 Silva Plains Apt. 274,Kellytown,North Dakota,77366,USA,Other,86.543774,-102.36826,+1-974-394-6262,branch464@novabank.com,2007-07-09,True,2026-06-27 04:30:22.318036,2026-06-27 04:30:22.318052
BR00465,Nealmouth Branch,B1465,RETAIL,5333 Matthew Shores,Nealmouth,Rhode Island,91257,USA,Other,-1.108826,130.531905,+1-987-191-4804,branch465@novabank.com,2016-09-03,False,2026-06-27 04:30:22.318258,2026-06-27 04:30:22.318260
BR00466,Lake Jerry Branch,B1466,RETAIL,465 Daniel Wells Apt. 730,Lake Jerry,South Carolina,28437,USA,Other,-25.838816,78.098652,+1-379-527-3880,branch466@novabank.com,2019-09-16,True,2026-06-27 04:30:22.318457,2026-06-27 04:30:22.318458
BR00467,New Dariusport Branch,B1467,HEAD_OFFICE,636 Margaret Avenue Suite 015,New Dariusport,New Hampshire,25981,USA,Other,79.472584,134.437987,+1-707-290-5742,branch467@novabank.com,2022-11-30,True,2026-06-27 04:30:22.318655,2026-06-27 04:30:22.318657
BR00468,East Andrew Branch,B1468,RETAIL,03342 Nicole Stravenue Apt. 583,East Andrew,Kentucky,13764,USA,Other,-84.364531,-106.31794,+1-505-681-2758,branch468@novabank.com,2013-04-22,True,2026-06-27 04:30:22.318850,2026-06-27 04:30:22.318852
BR00469,New Tiffany Branch,B1469,REGIONAL,3473 Pacheco Shore,New Tiffany,South Carolina,57349,USA,Other,-72.450355,-116.384381,+1-665-756-9901,branch469@novabank.com,2009-01-31,False,2026-06-27 04:30:22.319063,2026-06-27 04:30:22.319064
BR00470,Port Christinaborough Branch,B1470,HEAD_OFFICE,38655 Rowland Gardens,Port Christinaborough,Ohio,39060,USA,Other,-50.119371,-4.077816,+1-337-971-9261,branch470@novabank.com,2010-12-08,True,2026-06-27 04:30:22.319274,2026-06-27 04:30:22.319276
BR00471,Victormouth Branch,B1471,REGIONAL,89731 Gibbs Ridges Apt. 286,Victormouth,Idaho,42683,USA,Other,10.362304,102.112602,+1-397-928-2845,branch471@novabank.com,2018-12-27,True,2026-06-27 04:30:22.319533,2026-06-27 04:30:22.319535
BR00472,Ronaldfurt Branch,B1472,CORPORATE,4969 Jamie Flats Suite 363,Ronaldfurt,Oregon,21106,USA,Other,10.423679,-43.350655,+1-948-569-5215,branch472@novabank.com,2016-05-24,True,2026-06-27 04:30:22.319728,2026-06-27 04:30:22.319730
BR00473,Ronaldmouth Branch,B1473,RETAIL,47853 Steven Road,Ronaldmouth,Nevada,54103,USA,Other,8.653235,87.116397,+1-954-445-5833,branch473@novabank.com,2012-03-11,False,2026-06-27 04:30:22.319915,2026-06-27 04:30:22.319917
BR00474,North Michaelside Branch,B1474,CORPORATE,27341 Valenzuela Hill Apt. 431,North Michaelside,Illinois,44247,USA,Midwest,-37.213155,-3.239928,+1-379-725-7643,branch474@novabank.com,2010-12-26,True,2026-06-27 04:30:22.320136,2026-06-27 04:30:22.320138
BR00475,Valdezberg Branch,B1475,REGIONAL,92840 Campbell Key Suite 690,Valdezberg,Montana,30330,USA,Other,-29.084934,-67.324206,+1-288-510-2562,branch475@novabank.com,2015-01-10,True,2026-06-27 04:30:22.320384,2026-06-27 04:30:22.320385
BR00476,West Donberg Branch,B1476,CORPORATE,751 Singleton Meadow Suite 377,West Donberg,Maryland,97206,USA,Other,-87.401235,88.328193,+1-688-431-5064,branch476@novabank.com,2021-01-27,True,2026-06-27 04:30:22.320609,2026-06-27 04:30:22.320610
BR00477,Bairdborough Branch,B1477,REGIONAL,3666 Nguyen Brooks Apt. 225,Bairdborough,Montana,08851,USA,Other,53.476223,27.465088,+1-592-341-8319,branch477@novabank.com,2009-11-16,True,2026-06-27 04:30:22.320846,2026-06-27 04:30:22.320848
BR00478,North Margaret Branch,B1478,REGIONAL,9741 Damon Plaza,North Margaret,Rhode Island,64544,USA,Other,-82.795592,-79.770439,+1-509-696-1187,branch478@novabank.com,2010-01-25,True,2026-06-27 04:30:22.321034,2026-06-27 04:30:22.321036
BR00479,Mooreville Branch,B1479,REGIONAL,3348 Shawn Land Apt. 256,Mooreville,Florida,70814,USA,South,22.31694,76.759124,+1-909-341-2017,branch479@novabank.com,2019-11-11,True,2026-06-27 04:30:22.321259,2026-06-27 04:30:22.321261
BR00480,North Vickie Branch,B1480,HEAD_OFFICE,23467 Cassandra Inlet Apt. 874,North Vickie,New Hampshire,08885,USA,Other,17.169342,144.725618,+1-514-263-7642,branch480@novabank.com,2021-01-08,False,2026-06-27 04:30:22.321536,2026-06-27 04:30:22.321537
BR00481,South John Branch,B1481,REGIONAL,777 Jo Heights Suite 546,South John,South Carolina,96608,USA,Other,25.984683,65.794616,+1-906-220-5833,branch481@novabank.com,2013-05-30,True,2026-06-27 04:30:22.321735,2026-06-27 04:30:22.321736
BR00482,West Nicole Branch,B1482,CORPORATE,916 John Ways,West Nicole,Ohio,38759,USA,Other,88.954359,-144.167161,+1-424-236-8834,branch482@novabank.com,2019-01-19,True,2026-06-27 04:30:22.321922,2026-06-27 04:30:22.321923
BR00483,Robertburgh Branch,B1483,HEAD_OFFICE,6815 Karina Parkways,Robertburgh,Kentucky,27681,USA,Other,45.845675,-156.036678,+1-965-720-7121,branch483@novabank.com,2014-10-21,True,2026-06-27 04:30:22.322110,2026-06-27 04:30:22.322111
BR00484,North Johnberg Branch,B1484,HEAD_OFFICE,765 Foley Locks,North Johnberg,Massachusetts,88357,USA,Other,34.619964,80.253132,+1-975-650-4578,branch484@novabank.com,2014-10-16,True,2026-06-27 04:30:22.322320,2026-06-27 04:30:22.322321
BR00485,East Mary Branch,B1485,RETAIL,372 Hoover Ville,East Mary,Rhode Island,13675,USA,Other,-42.423411,-22.082289,+1-738-557-9653,branch485@novabank.com,2008-09-20,True,2026-06-27 04:30:22.322527,2026-06-27 04:30:22.322528
BR00486,Port Cynthiahaven Branch,B1486,RETAIL,10427 Thompson Station Apt. 837,Port Cynthiahaven,Tennessee,87341,USA,Other,87.178247,-124.813273,+1-777-214-2011,branch486@novabank.com,2013-07-08,False,2026-06-27 04:30:22.322918,2026-06-27 04:30:22.322920
BR00487,South Anthonytown Branch,B1487,CORPORATE,0900 Wang Gateway Suite 331,South Anthonytown,Michigan,25686,USA,Other,89.569754,-146.085068,+1-786-649-3455,branch487@novabank.com,2010-06-16,True,2026-06-27 04:30:22.323139,2026-06-27 04:30:22.323141
BR00488,Marcusborough Branch,B1488,REGIONAL,220 Hunt Via,Marcusborough,South Carolina,27648,USA,Other,55.412198,32.098327,+1-732-552-2904,branch488@novabank.com,2023-05-21,True,2026-06-27 04:30:22.323349,2026-06-27 04:30:22.323351
BR00489,South Jasonbury Branch,B1489,HEAD_OFFICE,31552 Richard Island,South Jasonbury,California,86741,USA,West,-15.252101,168.936562,+1-293-622-8298,branch489@novabank.com,2017-09-18,True,2026-06-27 04:30:22.323544,2026-06-27 04:30:22.323546
BR00490,West Susan Branch,B1490,HEAD_OFFICE,36497 Jennifer Turnpike,West Susan,Rhode Island,43014,USA,Other,79.348928,28.609481,+1-335-625-7806,branch490@novabank.com,2018-09-08,True,2026-06-27 04:30:22.323740,2026-06-27 04:30:22.323742
BR00491,Reyesbury Branch,B1491,RETAIL,2571 Smith Prairie,Reyesbury,North Carolina,77501,USA,Other,-86.432042,-55.120656,+1-772-573-6049,branch491@novabank.com,2006-11-13,True,2026-06-27 04:30:22.323973,2026-06-27 04:30:22.323975
BR00492,Phillipsberg Branch,B1492,HEAD_OFFICE,3639 Brian Landing,Phillipsberg,Missouri,27290,USA,Other,82.346005,-159.648985,+1-460-936-1049,branch492@novabank.com,2010-10-09,True,2026-06-27 04:30:22.324184,2026-06-27 04:30:22.324185
BR00493,East Melaniemouth Branch,B1493,RETAIL,524 Schneider Trace Apt. 864,East Melaniemouth,Michigan,32253,USA,Other,-34.751303,109.540792,+1-246-533-6644,branch493@novabank.com,2007-06-17,True,2026-06-27 04:30:22.324408,2026-06-27 04:30:22.324409
BR00494,North Mollyland Branch,B1494,RETAIL,396 White Roads,North Mollyland,Illinois,07330,USA,Midwest,80.286582,-104.015584,+1-270-583-1519,branch494@novabank.com,2023-05-17,True,2026-06-27 04:30:22.324624,2026-06-27 04:30:22.324625
BR00495,Frankborough Branch,B1495,HEAD_OFFICE,29833 Ronald Mountain,Frankborough,Kansas,56077,USA,Other,-42.638455,145.263906,+1-384-887-3218,branch495@novabank.com,2010-12-19,True,2026-06-27 04:30:22.324815,2026-06-27 04:30:22.324817
BR00496,Hendersonchester Branch,B1496,REGIONAL,734 Miller Lake Suite 627,Hendersonchester,Wisconsin,20932,USA,Other,39.386086,-169.364009,+1-591-559-7184,branch496@novabank.com,2020-03-14,True,2026-06-27 04:30:22.325059,2026-06-27 04:30:22.325061
BR00497,Jonesberg Branch,B1497,RETAIL,49828 Jonathan Mountain Suite 746,Jonesberg,Virginia,62007,USA,Other,-37.462953,-96.932943,+1-899-777-9835,branch497@novabank.com,2022-12-23,True,2026-06-27 04:30:22.325278,2026-06-27 04:30:22.325279
BR00498,Burnsshire Branch,B1498,REGIONAL,85766 Waller Landing,Burnsshire,California,54081,USA,West,-79.577486,-113.171647,+1-321-282-9802,branch498@novabank.com,2013-05-31,True,2026-06-27 04:30:22.325511,2026-06-27 04:30:22.325512
BR00499,Housebury Branch,B1499,CORPORATE,64587 Horton Run,Housebury,Kansas,63117,USA,Other,-80.736945,14.032817,+1-945-328-1056,branch499@novabank.com,2017-11-04,True,2026-06-27 04:30:22.325740,2026-06-27 04:30:22.325741
BR00500,Johnshire Branch,B1500,REGIONAL,249 Blackburn Drive,Johnshire,Texas,21659,USA,South,-86.688208,-117.330715,+1-674-789-9920,branch500@novabank.com,2020-05-12,True,2026-06-27 04:30:22.325948,2026-06-27 04:30:22.325950
